0 verbose cli C:\Program Files\nodejs\node.exe C:\Program Files\nodejs\node_modules\npm\bin\npm-cli.js
1 info using npm@10.9.0
2 info using node@v22.12.0
3 silly config load:file:C:\Program Files\nodejs\node_modules\npm\npmrc
4 silly config load:file:C:\Users\richa\Downloads\Jungle_safari (2)\Jungle_safari\frontend\.npmrc
5 silly config load:file:C:\Users\richa\.npmrc
6 silly config load:file:C:\Users\richa\AppData\Roaming\npm\etc\npmrc
7 verbose title npm install
8 verbose argv "install" "--no-audit" "--no-fund" "--cache" ".\\.npm-cache"
9 verbose logfile logs-max:10 dir:C:\Users\richa\Downloads\Jungle_safari (2)\Jungle_safari\frontend\.npm-cache\_logs\2026-08-20T06_10_12_078Z-
10 verbose logfile C:\Users\richa\Downloads\Jungle_safari (2)\Jungle_safari\frontend\.npm-cache\_logs\2026-08-20T06_10_12_078Z-debug-0.log
11 silly logfile done cleaning log files
12 silly packumentCache heap:4345298944 maxSize:1086324736 maxEntrySize:543162368
13 http fetch GET https://registry.npmjs.org/npm attempt 1 failed with EACCES
14 silly idealTree buildDeps
15 silly reify mark retired [
15 silly reify   'C:\\Users\\richa\\Downloads\\Jungle_safari (2)\\Jungle_safari\\frontend\\node_modules\\acorn'
15 silly reify ]
16 silly reify mark retired [
16 silly reify   'C:\\Users\\richa\\Downloads\\Jungle_safari (2)\\Jungle_safari\\frontend\\node_modules\\ajv'
16 silly reify ]
17 silly reify mark retired [
17 silly reify   'C:\\Users\\richa\\Downloads\\Jungle_safari (2)\\Jungle_safari\\frontend\\node_modules\\apexcharts'
17 silly reify ]
18 silly reify mark retired [
18 silly reify   'C:\\Users\\richa\\Downloads\\Jungle_safari (2)\\Jungle_safari\\frontend\\node_modules\\array-includes'
18 silly reify ]
19 silly reify mark retired [
19 silly reify   'C:\\Users\\richa\\Downloads\\Jungle_safari (2)\\Jungle_safari\\frontend\\node_modules\\autoprefixer'
19 silly reify ]
20 silly reify mark retired [
20 silly reify   'C:\\Users\\richa\\Downloads\\Jungle_safari (2)\\Jungle_safari\\frontend\\node_modules\\axe-core'
20 silly reify ]
21 silly reify mark retired [
21 silly reify   'C:\\Users\\richa\\Downloads\\Jungle_safari (2)\\Jungle_safari\\frontend\\node_modules\\axios'
21 silly reify ]
22 silly reify mark retired [
22 silly reify   'C:\\Users\\richa\\Downloads\\Jungle_safari (2)\\Jungle_safari\\frontend\\node_modules\\babel-plugin-polyfill-corejs2'
22 silly reify ]
23 silly reify mark retired [
23 silly reify   'C:\\Users\\richa\\Downloads\\Jungle_safari (2)\\Jungle_safari\\frontend\\node_modules\\babel-plugin-polyfill-regenerator'
23 silly reify ]
24 silly reify mark retired [
24 silly reify   'C:\\Users\\richa\\Downloads\\Jungle_safari (2)\\Jungle_safari\\frontend\\node_modules\\babel-plugin-polyfill-corejs3'
24 silly reify ]
25 silly reify mark retired [
25 silly reify   'C:\\Users\\richa\\Downloads\\Jungle_safari (2)\\Jungle_safari\\frontend\\node_modules\\babel-preset-current-node-syntax'
25 silly reify ]
26 silly reify mark retired [
26 silly reify   'C:\\Users\\richa\\Downloads\\Jungle_safari (2)\\Jungle_safari\\frontend\\node_modules\\body-parser'
26 silly reify ]
27 silly reify mark retired [
27 silly reify   'C:\\Users\\richa\\Downloads\\Jungle_safari (2)\\Jungle_safari\\frontend\\node_modules\\bonjour-service'
27 silly reify ]
28 silly reify mark retired [
28 silly reify   'C:\\Users\\richa\\Downloads\\Jungle_safari (2)\\Jungle_safari\\frontend\\node_modules\\brace-expansion'
28 silly reify ]
29 silly reify mark retired [
29 silly reify   'C:\\Users\\richa\\Downloads\\Jungle_safari (2)\\Jungle_safari\\frontend\\node_modules\\browserslist'
29 silly reify ]
30 silly reify mark retired [
30 silly reify   'C:\\Users\\richa\\Downloads\\Jungle_safari (2)\\Jungle_safari\\frontend\\node_modules\\call-bind'
30 silly reify ]
31 silly reify mark retired [
31 silly reify   'C:\\Users\\richa\\Downloads\\Jungle_safari (2)\\Jungle_safari\\frontend\\node_modules\\caniuse-lite'
31 silly reify ]
32 silly reify mark retired [
32 silly reify   'C:\\Users\\richa\\Downloads\\Jungle_safari (2)\\Jungle_safari\\frontend\\node_modules\\clsx'
32 silly reify ]
33 silly reify mark retired [
33 silly reify   'C:\\Users\\richa\\Downloads\\Jungle_safari (2)\\Jungle_safari\\frontend\\node_modules\\collect-v8-coverage'
33 silly reify ]
34 silly reify mark retired [
34 silly reify   'C:\\Users\\richa\\Downloads\\Jungle_safari (2)\\Jungle_safari\\frontend\\node_modules\\compression'
34 silly reify ]
35 silly reify mark retired [
35 silly reify   'C:\\Users\\richa\\Downloads\\Jungle_safari (2)\\Jungle_safari\\frontend\\node_modules\\cookie'
35 silly reify ]
36 silly reify mark retired [
36 silly reify   'C:\\Users\\richa\\Downloads\\Jungle_safari (2)\\Jungle_safari\\frontend\\node_modules\\core-js'
36 silly reify ]
37 silly reify mark retired [
37 silly reify   'C:\\Users\\richa\\Downloads\\Jungle_safari (2)\\Jungle_safari\\frontend\\node_modules\\core-js-compat'
37 silly reify ]
38 silly reify mark retired [
38 silly reify   'C:\\Users\\richa\\Downloads\\Jungle_safari (2)\\Jungle_safari\\frontend\\node_modules\\core-js-pure'
38 silly reify ]
39 silly reify mark retired [
39 silly reify   'C:\\Users\\richa\\Downloads\\Jungle_safari (2)\\Jungle_safari\\frontend\\node_modules\\css-what'
39 silly reify ]
40 silly reify mark retired [
40 silly reify   'C:\\Users\\richa\\Downloads\\Jungle_safari (2)\\Jungle_safari\\frontend\\node_modules\\csstype'
40 silly reify ]
41 silly reify mark retired [
41 silly reify   'C:\\Users\\richa\\Downloads\\Jungle_safari (2)\\Jungle_safari\\frontend\\node_modules\\debug'
41 silly reify ]
42 silly reify mark retired [
42 silly reify   'C:\\Users\\richa\\Downloads\\Jungle_safari (2)\\Jungle_safari\\frontend\\node_modules\\date-fns'
42 silly reify ]
43 silly reify mark retired [
43 silly reify   'C:\\Users\\richa\\Downloads\\Jungle_safari (2)\\Jungle_safari\\frontend\\node_modules\\decimal.js'
43 silly reify ]
44 silly reify mark retired [
44 silly reify   'C:\\Users\\richa\\Downloads\\Jungle_safari (2)\\Jungle_safari\\frontend\\node_modules\\dom-helpers'
44 silly reify ]
45 silly reify mark retired [
45 silly reify   'C:\\Users\\richa\\Downloads\\Jungle_safari (2)\\Jungle_safari\\frontend\\node_modules\\electron-to-chromium'
45 silly reify ]
46 silly reify mark retired [
46 silly reify   'C:\\Users\\richa\\Downloads\\Jungle_safari (2)\\Jungle_safari\\frontend\\node_modules\\engine.io-parser'
46 silly reify ]
47 silly reify mark retired [
47 silly reify   'C:\\Users\\richa\\Downloads\\Jungle_safari (2)\\Jungle_safari\\frontend\\node_modules\\engine.io-client'
47 silly reify ]
48 silly reify mark retired [
48 silly reify   'C:\\Users\\richa\\Downloads\\Jungle_safari (2)\\Jungle_safari\\frontend\\node_modules\\enhanced-resolve'
48 silly reify ]
49 silly reify mark retired [
49 silly reify   'C:\\Users\\richa\\Downloads\\Jungle_safari (2)\\Jungle_safari\\frontend\\node_modules\\error-ex'
49 silly reify ]
50 silly reify mark retired [
50 silly reify   'C:\\Users\\richa\\Downloads\\Jungle_safari (2)\\Jungle_safari\\frontend\\node_modules\\es-abstract'
50 silly reify ]
51 silly reify mark retired [
51 silly reify   'C:\\Users\\richa\\Downloads\\Jungle_safari (2)\\Jungle_safari\\frontend\\node_modules\\es-iterator-helpers'
51 silly reify ]
52 silly reify mark retired [
52 silly reify   'C:\\Users\\richa\\Downloads\\Jungle_safari (2)\\Jungle_safari\\frontend\\node_modules\\es-module-lexer'
52 silly reify ]
53 silly reify mark retired [
53 silly reify   'C:\\Users\\richa\\Downloads\\Jungle_safari (2)\\Jungle_safari\\frontend\\node_modules\\es-object-atoms'
53 silly reify ]
54 silly reify mark retired [
54 silly reify   'C:\\Users\\richa\\Downloads\\Jungle_safari (2)\\Jungle_safari\\frontend\\node_modules\\eslint-import-resolver-node'
54 silly reify ]
55 silly reify mark retired [
55 silly reify   'C:\\Users\\richa\\Downloads\\Jungle_safari (2)\\Jungle_safari\\frontend\\node_modules\\eslint-module-utils'
55 silly reify ]
56 silly reify mark retired [
56 silly reify   'C:\\Users\\richa\\Downloads\\Jungle_safari (2)\\Jungle_safari\\frontend\\node_modules\\eslint-plugin-import'
56 silly reify ]
57 silly reify mark retired [
57 silly reify   'C:\\Users\\richa\\Downloads\\Jungle_safari (2)\\Jungle_safari\\frontend\\node_modules\\eslint-plugin-react'
57 silly reify ]
58 silly reify mark retired [
58 silly reify   'C:\\Users\\richa\\Downloads\\Jungle_safari (2)\\Jungle_safari\\frontend\\node_modules\\esquery'
58 silly reify ]
59 silly reify mark retired [
59 silly reify   'C:\\Users\\richa\\Downloads\\Jungle_safari (2)\\Jungle_safari\\frontend\\node_modules\\express'
59 silly reify ]
60 silly reify mark retired [
60 silly reify   'C:\\Users\\richa\\Downloads\\Jungle_safari (2)\\Jungle_safari\\frontend\\node_modules\\fast-uri'
60 silly reify ]
61 silly reify mark retired [
61 silly reify   'C:\\Users\\richa\\Downloads\\Jungle_safari (2)\\Jungle_safari\\frontend\\node_modules\\fastq'
61 silly reify ]
62 silly reify mark retired [
62 silly reify   'C:\\Users\\richa\\Downloads\\Jungle_safari (2)\\Jungle_safari\\frontend\\node_modules\\filelist'
62 silly reify ]
63 silly reify mark retired [
63 silly reify   'C:\\Users\\richa\\Downloads\\Jungle_safari (2)\\Jungle_safari\\frontend\\node_modules\\finalhandler'
63 silly reify ]
64 silly reify mark retired [
64 silly reify   'C:\\Users\\richa\\Downloads\\Jungle_safari (2)\\Jungle_safari\\frontend\\node_modules\\find-root'
64 silly reify ]
65 silly reify mark retired [
65 silly reify   'C:\\Users\\richa\\Downloads\\Jungle_safari (2)\\Jungle_safari\\frontend\\node_modules\\flatted'
65 silly reify ]
66 silly reify mark retired [
66 silly reify   'C:\\Users\\richa\\Downloads\\Jungle_safari (2)\\Jungle_safari\\frontend\\node_modules\\follow-redirects'
66 silly reify ]
67 silly reify mark retired [
67 silly reify   'C:\\Users\\richa\\Downloads\\Jungle_safari (2)\\Jungle_safari\\frontend\\node_modules\\foreground-child'
67 silly reify ]
68 silly reify mark retired [
68 silly reify   'C:\\Users\\richa\\Downloads\\Jungle_safari (2)\\Jungle_safari\\frontend\\node_modules\\form-data'
68 silly reify ]
69 silly reify mark retired [
69 silly reify   'C:\\Users\\richa\\Downloads\\Jungle_safari (2)\\Jungle_safari\\frontend\\node_modules\\fraction.js'
69 silly reify ]
70 silly reify mark retired [
70 silly reify   'C:\\Users\\richa\\Downloads\\Jungle_safari (2)\\Jungle_safari\\frontend\\node_modules\\framer-motion'
70 silly reify ]
71 silly reify mark retired [
71 silly reify   'C:\\Users\\richa\\Downloads\\Jungle_safari (2)\\Jungle_safari\\frontend\\node_modules\\fs-monkey'
71 silly reify ]
72 silly reify mark retired [
72 silly reify   'C:\\Users\\richa\\Downloads\\Jungle_safari (2)\\Jungle_safari\\frontend\\node_modules\\fsevents'
72 silly reify ]
73 silly reify mark retired [
73 silly reify   'C:\\Users\\richa\\Downloads\\Jungle_safari (2)\\Jungle_safari\\frontend\\node_modules\\globals'
73 silly reify ]
74 silly reify mark retired [
74 silly reify   'C:\\Users\\richa\\Downloads\\Jungle_safari (2)\\Jungle_safari\\frontend\\node_modules\\hasown'
74 silly reify ]
75 silly reify mark retired [
75 silly reify   'C:\\Users\\richa\\Downloads\\Jungle_safari (2)\\Jungle_safari\\frontend\\node_modules\\hoist-non-react-statics'
75 silly reify ]
76 silly reify mark retired [
76 silly reify   'C:\\Users\\richa\\Downloads\\Jungle_safari (2)\\Jungle_safari\\frontend\\node_modules\\html-entities'
76 silly reify ]
77 silly reify mark retired [
77 silly reify   'C:\\Users\\richa\\Downloads\\Jungle_safari (2)\\Jungle_safari\\frontend\\node_modules\\html-webpack-plugin'
77 silly reify ]
78 silly reify mark retired [
78 silly reify   'C:\\Users\\richa\\Downloads\\Jungle_safari (2)\\Jungle_safari\\frontend\\node_modules\\http-parser-js'
78 silly reify ]
79 silly reify mark retired [
79 silly reify   'C:\\Users\\richa\\Downloads\\Jungle_safari (2)\\Jungle_safari\\frontend\\node_modules\\http-proxy-middleware'
79 silly reify ]
80 silly reify mark retired [
80 silly reify   'C:\\Users\\richa\\Downloads\\Jungle_safari (2)\\Jungle_safari\\frontend\\node_modules\\ipaddr.js'
80 silly reify ]
81 silly reify mark retired [
81 silly reify   'C:\\Users\\richa\\Downloads\\Jungle_safari (2)\\Jungle_safari\\frontend\\node_modules\\is-core-module'
81 silly reify ]
82 silly reify mark retired [
82 silly reify   'C:\\Users\\richa\\Downloads\\Jungle_safari (2)\\Jungle_safari\\frontend\\node_modules\\is-generator-function'
82 silly reify ]
83 silly reify mark retired [
83 silly reify   'C:\\Users\\richa\\Downloads\\Jungle_safari (2)\\Jungle_safari\\frontend\\node_modules\\istanbul-reports'
83 silly reify ]
84 silly reify mark retired [
84 silly reify   'C:\\Users\\richa\\Downloads\\Jungle_safari (2)\\Jungle_safari\\frontend\\node_modules\\jake'
84 silly reify ]
85 silly reify mark retired [
85 silly reify   'C:\\Users\\richa\\Downloads\\Jungle_safari (2)\\Jungle_safari\\frontend\\node_modules\\jackspeak'
85 silly reify ]
86 silly reify mark retired [
86 silly reify   'C:\\Users\\richa\\Downloads\\Jungle_safari (2)\\Jungle_safari\\frontend\\node_modules\\js-yaml'
86 silly reify ]
87 silly reify mark retired [
87 silly reify   'C:\\Users\\richa\\Downloads\\Jungle_safari (2)\\Jungle_safari\\frontend\\node_modules\\json-schema'
87 silly reify ]
88 silly reify mark retired [
88 silly reify   'C:\\Users\\richa\\Downloads\\Jungle_safari (2)\\Jungle_safari\\frontend\\node_modules\\jsonfile'
88 silly reify ]
89 silly reify mark retired [
89 silly reify   'C:\\Users\\richa\\Downloads\\Jungle_safari (2)\\Jungle_safari\\frontend\\node_modules\\jsonpath'
89 silly reify ]
90 silly reify mark retired [
90 silly reify   'C:\\Users\\richa\\Downloads\\Jungle_safari (2)\\Jungle_safari\\frontend\\node_modules\\launch-editor'
90 silly reify ]
91 silly reify mark retired [
91 silly reify   'C:\\Users\\richa\\Downloads\\Jungle_safari (2)\\Jungle_safari\\frontend\\node_modules\\loader-runner'
91 silly reify ]
92 silly reify mark retired [
92 silly reify   'C:\\Users\\richa\\Downloads\\Jungle_safari (2)\\Jungle_safari\\frontend\\node_modules\\lodash'
92 silly reify ]
93 silly reify mark retired [
93 silly reify   'C:\\Users\\richa\\Downloads\\Jungle_safari (2)\\Jungle_safari\\frontend\\node_modules\\mini-css-extract-plugin'
93 silly reify ]
94 silly reify mark retired [
94 silly reify   'C:\\Users\\richa\\Downloads\\Jungle_safari (2)\\Jungle_safari\\frontend\\node_modules\\minimatch'
94 silly reify ]
95 silly reify mark retired [
95 silly reify   'C:\\Users\\richa\\Downloads\\Jungle_safari (2)\\Jungle_safari\\frontend\\node_modules\\minipass'
95 silly reify ]
96 silly reify mark retired [
96 silly reify   'C:\\Users\\richa\\Downloads\\Jungle_safari (2)\\Jungle_safari\\frontend\\node_modules\\motion-dom'
96 silly reify ]
97 silly reify mark retired [
97 silly reify   'C:\\Users\\richa\\Downloads\\Jungle_safari (2)\\Jungle_safari\\frontend\\node_modules\\motion-utils'
97 silly reify ]
98 silly reify mark retired [
98 silly reify   'C:\\Users\\richa\\Downloads\\Jungle_safari (2)\\Jungle_safari\\frontend\\node_modules\\nanoid'
98 silly reify ]
99 silly reify mark retired [
99 silly reify   'C:\\Users\\richa\\Downloads\\Jungle_safari (2)\\Jungle_safari\\frontend\\node_modules\\node-forge'
99 silly reify ]
100 silly reify mark retired [
100 silly reify   'C:\\Users\\richa\\Downloads\\Jungle_safari (2)\\Jungle_safari\\frontend\\node_modules\\node-releases'
100 silly reify ]
101 silly reify mark retired [
101 silly reify   'C:\\Users\\richa\\Downloads\\Jungle_safari (2)\\Jungle_safari\\frontend\\node_modules\\normalize-range'
101 silly reify ]
102 silly reify mark retired [
102 silly reify   'C:\\Users\\richa\\Downloads\\Jungle_safari (2)\\Jungle_safari\\frontend\\node_modules\\nwsapi'
102 silly reify ]
103 silly reify mark retired [
103 silly reify   'C:\\Users\\richa\\Downloads\\Jungle_safari (2)\\Jungle_safari\\frontend\\node_modules\\object.getownpropertydescriptors'
103 silly reify ]
104 silly reify mark retired [
104 silly reify   'C:\\Users\\richa\\Downloads\\Jungle_safari (2)\\Jungle_safari\\frontend\\node_modules\\on-headers'
104 silly reify ]
105 silly reify mark retired [
105 silly reify   'C:\\Users\\richa\\Downloads\\Jungle_safari (2)\\Jungle_safari\\frontend\\node_modules\\package-json-from-dist'
105 silly reify ]
106 silly reify mark retired [
106 silly reify   'C:\\Users\\richa\\Downloads\\Jungle_safari (2)\\Jungle_safari\\frontend\\node_modules\\path-to-regexp'
106 silly reify ]
107 silly reify mark retired [
107 silly reify   'C:\\Users\\richa\\Downloads\\Jungle_safari (2)\\Jungle_safari\\frontend\\node_modules\\path-scurry'
107 silly reify ]
108 silly reify mark retired [
108 silly reify   'C:\\Users\\richa\\Downloads\\Jungle_safari (2)\\Jungle_safari\\frontend\\node_modules\\picomatch'
108 silly reify ]
109 silly reify mark retired [
109 silly reify   'C:\\Users\\richa\\Downloads\\Jungle_safari (2)\\Jungle_safari\\frontend\\node_modules\\pirates'
109 silly reify ]
110 silly reify mark retired [
110 silly reify   'C:\\Users\\richa\\Downloads\\Jungle_safari (2)\\Jungle_safari\\frontend\\node_modules\\postcss'
110 silly reify ]
111 silly reify mark retired [
111 silly reify   'C:\\Users\\richa\\Downloads\\Jungle_safari (2)\\Jungle_safari\\frontend\\node_modules\\postcss-js'
111 silly reify ]
112 silly reify mark retired [
112 silly reify   'C:\\Users\\richa\\Downloads\\Jungle_safari (2)\\Jungle_safari\\frontend\\node_modules\\postcss-load-config'
112 silly reify ]
113 silly reify mark retired [
113 silly reify   'C:\\Users\\richa\\Downloads\\Jungle_safari (2)\\Jungle_safari\\frontend\\node_modules\\proxy-from-env'
113 silly reify ]
114 silly reify mark retired [
114 silly reify   'C:\\Users\\richa\\Downloads\\Jungle_safari (2)\\Jungle_safari\\frontend\\node_modules\\qs'
114 silly reify ]
115 silly reify mark retired [
115 silly reify   'C:\\Users\\richa\\Downloads\\Jungle_safari (2)\\Jungle_safari\\frontend\\node_modules\\raw-body'
115 silly reify ]
116 silly reify mark retired [
116 silly reify   'C:\\Users\\richa\\Downloads\\Jungle_safari (2)\\Jungle_safari\\frontend\\node_modules\\react'
116 silly reify ]
117 silly reify mark retired [
117 silly reify   'C:\\Users\\richa\\Downloads\\Jungle_safari (2)\\Jungle_safari\\frontend\\node_modules\\react-apexcharts'
117 silly reify ]
118 silly reify mark retired [
118 silly reify   'C:\\Users\\richa\\Downloads\\Jungle_safari (2)\\Jungle_safari\\frontend\\node_modules\\react-dom'
118 silly reify ]
119 silly reify mark retired [
119 silly reify   'C:\\Users\\richa\\Downloads\\Jungle_safari (2)\\Jungle_safari\\frontend\\node_modules\\react-is'
119 silly reify ]
120 silly reify mark retired [
120 silly reify   'C:\\Users\\richa\\Downloads\\Jungle_safari (2)\\Jungle_safari\\frontend\\node_modules\\react-router'
120 silly reify ]
121 silly reify mark retired [
121 silly reify   'C:\\Users\\richa\\Downloads\\Jungle_safari (2)\\Jungle_safari\\frontend\\node_modules\\react-router-dom'
121 silly reify ]
122 silly reify mark retired [
122 silly reify   'C:\\Users\\richa\\Downloads\\Jungle_safari (2)\\Jungle_safari\\frontend\\node_modules\\react-transition-group'
122 silly reify ]
123 silly reify mark retired [
123 silly reify   'C:\\Users\\richa\\Downloads\\Jungle_safari (2)\\Jungle_safari\\frontend\\node_modules\\regenerate-unicode-properties'
123 silly reify ]
124 silly reify mark retired [
124 silly reify   'C:\\Users\\richa\\Downloads\\Jungle_safari (2)\\Jungle_safari\\frontend\\node_modules\\regenerator-runtime'
124 silly reify ]
125 silly reify mark retired [
125 silly reify   'C:\\Users\\richa\\Downloads\\Jungle_safari (2)\\Jungle_safari\\frontend\\node_modules\\regenerator-transform'
125 silly reify ]
126 silly reify mark retired [
126 silly reify   'C:\\Users\\richa\\Downloads\\Jungle_safari (2)\\Jungle_safari\\frontend\\node_modules\\regexpu-core'
126 silly reify ]
127 silly reify mark retired [
127 silly reify   'C:\\Users\\richa\\Downloads\\Jungle_safari (2)\\Jungle_safari\\frontend\\node_modules\\regjsparser'
127 silly reify ]
128 silly reify mark retired [
128 silly reify   'C:\\Users\\richa\\Downloads\\Jungle_safari (2)\\Jungle_safari\\frontend\\node_modules\\resolve'
128 silly reify ]
129 silly reify mark retired [
129 silly reify   'C:\\Users\\richa\\Downloads\\Jungle_safari (2)\\Jungle_safari\\frontend\\node_modules\\rollup'
129 silly reify ]
130 silly reify mark retired [
130 silly reify   'C:\\Users\\richa\\Downloads\\Jungle_safari (2)\\Jungle_safari\\frontend\\node_modules\\safe-array-concat'
130 silly reify ]
131 silly reify mark retired [
131 silly reify   'C:\\Users\\richa\\Downloads\\Jungle_safari (2)\\Jungle_safari\\frontend\\node_modules\\schema-utils'
131 silly reify ]
132 silly reify mark retired [
132 silly reify   'C:\\Users\\richa\\Downloads\\Jungle_safari (2)\\Jungle_safari\\frontend\\node_modules\\semver'
132 silly reify ]
133 silly reify mark retired [
133 silly reify   'C:\\Users\\richa\\Downloads\\Jungle_safari (2)\\Jungle_safari\\frontend\\node_modules\\send'
133 silly reify ]
134 silly reify mark retired [
134 silly reify   'C:\\Users\\richa\\Downloads\\Jungle_safari (2)\\Jungle_safari\\frontend\\node_modules\\serve-index'
134 silly reify ]
135 silly reify mark retired [
135 silly reify   'C:\\Users\\richa\\Downloads\\Jungle_safari (2)\\Jungle_safari\\frontend\\node_modules\\serve-static'
135 silly reify ]
136 silly reify mark retired [
136 silly reify   'C:\\Users\\richa\\Downloads\\Jungle_safari (2)\\Jungle_safari\\frontend\\node_modules\\shell-quote'
136 silly reify ]
137 silly reify mark retired [
137 silly reify   'C:\\Users\\richa\\Downloads\\Jungle_safari (2)\\Jungle_safari\\frontend\\node_modules\\side-channel'
137 silly reify ]
138 silly reify mark retired [
138 silly reify   'C:\\Users\\richa\\Downloads\\Jungle_safari (2)\\Jungle_safari\\frontend\\node_modules\\side-channel-list'
138 silly reify ]
139 silly reify mark retired [
139 silly reify   'C:\\Users\\richa\\Downloads\\Jungle_safari (2)\\Jungle_safari\\frontend\\node_modules\\socket.io-parser'
139 silly reify ]
140 silly reify mark retired [
140 silly reify   'C:\\Users\\richa\\Downloads\\Jungle_safari (2)\\Jungle_safari\\frontend\\node_modules\\socket.io-client'
140 silly reify ]
141 silly reify mark retired [
141 silly reify   'C:\\Users\\richa\\Downloads\\Jungle_safari (2)\\Jungle_safari\\frontend\\node_modules\\source-map'
141 silly reify ]
142 silly reify mark retired [
142 silly reify   'C:\\Users\\richa\\Downloads\\Jungle_safari (2)\\Jungle_safari\\frontend\\node_modules\\static-eval'
142 silly reify ]
143 silly reify mark retired [
143 silly reify   'C:\\Users\\richa\\Downloads\\Jungle_safari (2)\\Jungle_safari\\frontend\\node_modules\\string.prototype.trimend'
143 silly reify ]
144 silly reify mark retired [
144 silly reify   'C:\\Users\\richa\\Downloads\\Jungle_safari (2)\\Jungle_safari\\frontend\\node_modules\\string.prototype.trim'
144 silly reify ]
145 silly reify mark retired [
145 silly reify   'C:\\Users\\richa\\Downloads\\Jungle_safari (2)\\Jungle_safari\\frontend\\node_modules\\stylis'
145 silly reify ]
146 silly reify mark retired [
146 silly reify   'C:\\Users\\richa\\Downloads\\Jungle_safari (2)\\Jungle_safari\\frontend\\node_modules\\sucrase'
146 silly reify ]
147 silly reify mark retired [
147 silly reify   'C:\\Users\\richa\\Downloads\\Jungle_safari (2)\\Jungle_safari\\frontend\\node_modules\\tailwindcss'
147 silly reify ]
148 silly reify mark retired [
148 silly reify   'C:\\Users\\richa\\Downloads\\Jungle_safari (2)\\Jungle_safari\\frontend\\node_modules\\tapable'
148 silly reify ]
149 silly reify mark retired [
149 silly reify   'C:\\Users\\richa\\Downloads\\Jungle_safari (2)\\Jungle_safari\\frontend\\node_modules\\terser'
149 silly reify ]
150 silly reify mark retired [
150 silly reify   'C:\\Users\\richa\\Downloads\\Jungle_safari (2)\\Jungle_safari\\frontend\\node_modules\\terser-webpack-plugin'
150 silly reify ]
151 silly reify mark retired [
151 silly reify   'C:\\Users\\richa\\Downloads\\Jungle_safari (2)\\Jungle_safari\\frontend\\node_modules\\typed-array-length'
151 silly reify ]
152 silly reify mark retired [
152 silly reify   'C:\\Users\\richa\\Downloads\\Jungle_safari (2)\\Jungle_safari\\frontend\\node_modules\\underscore'
152 silly reify ]
153 silly reify mark retired [
153 silly reify   'C:\\Users\\richa\\Downloads\\Jungle_safari (2)\\Jungle_safari\\frontend\\node_modules\\undici-types'
153 silly reify ]
154 silly reify mark retired [
154 silly reify   'C:\\Users\\richa\\Downloads\\Jungle_safari (2)\\Jungle_safari\\frontend\\node_modules\\unicode-match-property-value-ecmascript'
154 silly reify ]
155 silly reify mark retired [
155 silly reify   'C:\\Users\\richa\\Downloads\\Jungle_safari (2)\\Jungle_safari\\frontend\\node_modules\\unicode-property-aliases-ecmascript'
155 silly reify ]
156 silly reify mark retired [
156 silly reify   'C:\\Users\\richa\\Downloads\\Jungle_safari (2)\\Jungle_safari\\frontend\\node_modules\\update-browserslist-db'
156 silly reify ]
157 silly reify mark retired [
157 silly reify   'C:\\Users\\richa\\Downloads\\Jungle_safari (2)\\Jungle_safari\\frontend\\node_modules\\watchpack'
157 silly reify ]
158 silly reify mark retired [
158 silly reify   'C:\\Users\\richa\\Downloads\\Jungle_safari (2)\\Jungle_safari\\frontend\\node_modules\\webpack'
158 silly reify ]
159 silly reify mark retired [
159 silly reify   'C:\\Users\\richa\\Downloads\\Jungle_safari (2)\\Jungle_safari\\frontend\\node_modules\\webpack-sources'
159 silly reify ]
160 silly reify mark retired [
160 silly reify   'C:\\Users\\richa\\Downloads\\Jungle_safari (2)\\Jungle_safari\\frontend\\node_modules\\websocket-driver'
160 silly reify ]
161 silly reify mark retired [
161 silly reify   'C:\\Users\\richa\\Downloads\\Jungle_safari (2)\\Jungle_safari\\frontend\\node_modules\\which-typed-array'
161 silly reify ]
162 silly reify mark retired [
162 silly reify   'C:\\Users\\richa\\Downloads\\Jungle_safari (2)\\Jungle_safari\\frontend\\node_modules\\ws'
162 silly reify ]
163 silly reify mark retired [
163 silly reify   'C:\\Users\\richa\\Downloads\\Jungle_safari (2)\\Jungle_safari\\frontend\\node_modules\\xmlhttprequest-ssl'
163 silly reify ]
164 silly reify mark retired [
164 silly reify   'C:\\Users\\richa\\Downloads\\Jungle_safari (2)\\Jungle_safari\\frontend\\node_modules\\yaml'
164 silly reify ]
165 silly reify mark retired [
165 silly reify   'C:\\Users\\richa\\Downloads\\Jungle_safari (2)\\Jungle_safari\\frontend\\node_modules\\@adobe\\css-tools'
165 silly reify ]
166 silly reify mark retired [
166 silly reify   'C:\\Users\\richa\\Downloads\\Jungle_safari (2)\\Jungle_safari\\frontend\\node_modules\\@ampproject\\remapping'
166 silly reify ]
167 silly reify mark retired [
167 silly reify   'C:\\Users\\richa\\Downloads\\Jungle_safari (2)\\Jungle_safari\\frontend\\node_modules\\@babel\\compat-data'
167 silly reify ]
168 silly reify mark retired [
168 silly reify   'C:\\Users\\richa\\Downloads\\Jungle_safari (2)\\Jungle_safari\\frontend\\node_modules\\@babel\\code-frame'
168 silly reify ]
169 silly reify mark retired [
169 silly reify   'C:\\Users\\richa\\Downloads\\Jungle_safari (2)\\Jungle_safari\\frontend\\node_modules\\@babel\\generator'
169 silly reify ]
170 silly reify mark retired [
170 silly reify   'C:\\Users\\richa\\Downloads\\Jungle_safari (2)\\Jungle_safari\\frontend\\node_modules\\@babel\\eslint-parser'
170 silly reify ]
171 silly reify mark retired [
171 silly reify   'C:\\Users\\richa\\Downloads\\Jungle_safari (2)\\Jungle_safari\\frontend\\node_modules\\@babel\\helper-annotate-as-pure'
171 silly reify ]
172 silly reify mark retired [
172 silly reify   'C:\\Users\\richa\\Downloads\\Jungle_safari (2)\\Jungle_safari\\frontend\\node_modules\\@babel\\helper-compilation-targets'
172 silly reify ]
173 silly reify mark retired [
173 silly reify   'C:\\Users\\richa\\Downloads\\Jungle_safari (2)\\Jungle_safari\\frontend\\node_modules\\@babel\\core'
173 silly reify ]
174 silly reify mark retired [
174 silly reify   'C:\\Users\\richa\\Downloads\\Jungle_safari (2)\\Jungle_safari\\frontend\\node_modules\\@babel\\helper-create-class-features-plugin'
174 silly reify ]
175 silly reify mark retired [
175 silly reify   'C:\\Users\\richa\\Downloads\\Jungle_safari (2)\\Jungle_safari\\frontend\\node_modules\\@babel\\helper-create-regexp-features-plugin'
175 silly reify ]
176 silly reify mark retired [
176 silly reify   'C:\\Users\\richa\\Downloads\\Jungle_safari (2)\\Jungle_safari\\frontend\\node_modules\\@babel\\helper-define-polyfill-provider'
176 silly reify ]
177 silly reify mark retired [
177 silly reify   'C:\\Users\\richa\\Downloads\\Jungle_safari (2)\\Jungle_safari\\frontend\\node_modules\\@babel\\helper-member-expression-to-functions'
177 silly reify ]
178 silly reify mark retired [
178 silly reify   'C:\\Users\\richa\\Downloads\\Jungle_safari (2)\\Jungle_safari\\frontend\\node_modules\\@babel\\helper-module-imports'
178 silly reify ]
179 silly reify mark retired [
179 silly reify   'C:\\Users\\richa\\Downloads\\Jungle_safari (2)\\Jungle_safari\\frontend\\node_modules\\@babel\\helper-module-transforms'
179 silly reify ]
180 silly reify mark retired [
180 silly reify   'C:\\Users\\richa\\Downloads\\Jungle_safari (2)\\Jungle_safari\\frontend\\node_modules\\@babel\\helper-optimise-call-expression'
180 silly reify ]
181 silly reify mark retired [
181 silly reify   'C:\\Users\\richa\\Downloads\\Jungle_safari (2)\\Jungle_safari\\frontend\\node_modules\\@babel\\helper-plugin-utils'
181 silly reify ]
182 silly reify mark retired [
182 silly reify   'C:\\Users\\richa\\Downloads\\Jungle_safari (2)\\Jungle_safari\\frontend\\node_modules\\@babel\\helper-remap-async-to-generator'
182 silly reify ]
183 silly reify mark retired [
183 silly reify   'C:\\Users\\richa\\Downloads\\Jungle_safari (2)\\Jungle_safari\\frontend\\node_modules\\@babel\\helper-replace-supers'
183 silly reify ]
184 silly reify mark retired [
184 silly reify   'C:\\Users\\richa\\Downloads\\Jungle_safari (2)\\Jungle_safari\\frontend\\node_modules\\@babel\\helper-skip-transparent-expression-wrappers'
184 silly reify ]
185 silly reify mark retired [
185 silly reify   'C:\\Users\\richa\\Downloads\\Jungle_safari (2)\\Jungle_safari\\frontend\\node_modules\\@babel\\helper-string-parser'
185 silly reify ]
186 silly reify mark retired [
186 silly reify   'C:\\Users\\richa\\Downloads\\Jungle_safari (2)\\Jungle_safari\\frontend\\node_modules\\@babel\\helper-validator-identifier'
186 silly reify ]
187 silly reify mark retired [
187 silly reify   'C:\\Users\\richa\\Downloads\\Jungle_safari (2)\\Jungle_safari\\frontend\\node_modules\\@babel\\helper-wrap-function'
187 silly reify ]
188 silly reify mark retired [
188 silly reify   'C:\\Users\\richa\\Downloads\\Jungle_safari (2)\\Jungle_safari\\frontend\\node_modules\\@babel\\helper-validator-option'
188 silly reify ]
189 silly reify mark retired [
189 silly reify   'C:\\Users\\richa\\Downloads\\Jungle_safari (2)\\Jungle_safari\\frontend\\node_modules\\@babel\\parser'
189 silly reify ]
190 silly reify mark retired [
190 silly reify   'C:\\Users\\richa\\Downloads\\Jungle_safari (2)\\Jungle_safari\\frontend\\node_modules\\@babel\\helpers'
190 silly reify ]
191 silly reify mark retired [
191 silly reify   'C:\\Users\\richa\\Downloads\\Jungle_safari (2)\\Jungle_safari\\frontend\\node_modules\\@babel\\plugin-bugfix-firefox-class-in-computed-class-key'
191 silly reify ]
192 silly reify mark retired [
192 silly reify   'C:\\Users\\richa\\Downloads\\Jungle_safari (2)\\Jungle_safari\\frontend\\node_modules\\@babel\\plugin-bugfix-safari-class-field-initializer-scope'
192 silly reify ]
193 silly reify mark retired [
193 silly reify   'C:\\Users\\richa\\Downloads\\Jungle_safari (2)\\Jungle_safari\\frontend\\node_modules\\@babel\\plugin-bugfix-safari-id-destructuring-collision-in-function-expression'
193 silly reify ]
194 silly reify mark retired [
194 silly reify   'C:\\Users\\richa\\Downloads\\Jungle_safari (2)\\Jungle_safari\\frontend\\node_modules\\@babel\\plugin-bugfix-v8-spread-parameters-in-optional-chaining'
194 silly reify ]
195 silly reify mark retired [
195 silly reify   'C:\\Users\\richa\\Downloads\\Jungle_safari (2)\\Jungle_safari\\frontend\\node_modules\\@babel\\plugin-bugfix-v8-static-class-fields-redefine-readonly'
195 silly reify ]
196 silly reify mark retired [
196 silly reify   'C:\\Users\\richa\\Downloads\\Jungle_safari (2)\\Jungle_safari\\frontend\\node_modules\\@babel\\plugin-proposal-decorators'
196 silly reify ]
197 silly reify mark retired [
197 silly reify   'C:\\Users\\richa\\Downloads\\Jungle_safari (2)\\Jungle_safari\\frontend\\node_modules\\@babel\\plugin-syntax-decorators'
197 silly reify ]
198 silly reify mark retired [
198 silly reify   'C:\\Users\\richa\\Downloads\\Jungle_safari (2)\\Jungle_safari\\frontend\\node_modules\\@babel\\plugin-syntax-flow'
198 silly reify ]
199 silly reify mark retired [
199 silly reify   'C:\\Users\\richa\\Downloads\\Jungle_safari (2)\\Jungle_safari\\frontend\\node_modules\\@babel\\plugin-syntax-import-assertions'
199 silly reify ]
200 silly reify mark retired [
200 silly reify   'C:\\Users\\richa\\Downloads\\Jungle_safari (2)\\Jungle_safari\\frontend\\node_modules\\@babel\\plugin-syntax-import-attributes'
200 silly reify ]
201 silly reify mark retired [
201 silly reify   'C:\\Users\\richa\\Downloads\\Jungle_safari (2)\\Jungle_safari\\frontend\\node_modules\\@babel\\plugin-syntax-jsx'
201 silly reify ]
202 silly reify mark retired [
202 silly reify   'C:\\Users\\richa\\Downloads\\Jungle_safari (2)\\Jungle_safari\\frontend\\node_modules\\@babel\\plugin-syntax-typescript'
202 silly reify ]
203 silly reify mark retired [
203 silly reify   'C:\\Users\\richa\\Downloads\\Jungle_safari (2)\\Jungle_safari\\frontend\\node_modules\\@babel\\plugin-transform-async-generator-functions'
203 silly reify ]
204 silly reify mark retired [
204 silly reify   'C:\\Users\\richa\\Downloads\\Jungle_safari (2)\\Jungle_safari\\frontend\\node_modules\\@babel\\plugin-transform-arrow-functions'
204 silly reify ]
205 silly reify mark retired [
205 silly reify   'C:\\Users\\richa\\Downloads\\Jungle_safari (2)\\Jungle_safari\\frontend\\node_modules\\@babel\\plugin-transform-async-to-generator'
205 silly reify ]
206 silly reify mark retired [
206 silly reify   'C:\\Users\\richa\\Downloads\\Jungle_safari (2)\\Jungle_safari\\frontend\\node_modules\\@babel\\plugin-transform-block-scoped-functions'
206 silly reify ]
207 silly reify mark retired [
207 silly reify   'C:\\Users\\richa\\Downloads\\Jungle_safari (2)\\Jungle_safari\\frontend\\node_modules\\@babel\\plugin-transform-block-scoping'
207 silly reify ]
208 silly reify mark retired [
208 silly reify   'C:\\Users\\richa\\Downloads\\Jungle_safari (2)\\Jungle_safari\\frontend\\node_modules\\@babel\\plugin-transform-class-properties'
208 silly reify ]
209 silly reify mark retired [
209 silly reify   'C:\\Users\\richa\\Downloads\\Jungle_safari (2)\\Jungle_safari\\frontend\\node_modules\\@babel\\plugin-transform-class-static-block'
209 silly reify ]
210 silly reify mark retired [
210 silly reify   'C:\\Users\\richa\\Downloads\\Jungle_safari (2)\\Jungle_safari\\frontend\\node_modules\\@babel\\plugin-transform-classes'
210 silly reify ]
211 silly reify mark retired [
211 silly reify   'C:\\Users\\richa\\Downloads\\Jungle_safari (2)\\Jungle_safari\\frontend\\node_modules\\@babel\\plugin-transform-destructuring'
211 silly reify ]
212 silly reify mark retired [
212 silly reify   'C:\\Users\\richa\\Downloads\\Jungle_safari (2)\\Jungle_safari\\frontend\\node_modules\\@babel\\plugin-transform-dotall-regex'
212 silly reify ]
213 silly reify mark retired [
213 silly reify   'C:\\Users\\richa\\Downloads\\Jungle_safari (2)\\Jungle_safari\\frontend\\node_modules\\@babel\\plugin-transform-duplicate-keys'
213 silly reify ]
214 silly reify mark retired [
214 silly reify   'C:\\Users\\richa\\Downloads\\Jungle_safari (2)\\Jungle_safari\\frontend\\node_modules\\@babel\\plugin-transform-computed-properties'
214 silly reify ]
215 silly reify mark retired [
215 silly reify   'C:\\Users\\richa\\Downloads\\Jungle_safari (2)\\Jungle_safari\\frontend\\node_modules\\@babel\\plugin-transform-dynamic-import'
215 silly reify ]
216 silly reify mark retired [
216 silly reify   'C:\\Users\\richa\\Downloads\\Jungle_safari (2)\\Jungle_safari\\frontend\\node_modules\\@babel\\plugin-transform-exponentiation-operator'
216 silly reify ]
217 silly reify mark retired [
217 silly reify   'C:\\Users\\richa\\Downloads\\Jungle_safari (2)\\Jungle_safari\\frontend\\node_modules\\@babel\\plugin-transform-duplicate-named-capturing-groups-regex'
217 silly reify ]
218 silly reify mark retired [
218 silly reify   'C:\\Users\\richa\\Downloads\\Jungle_safari (2)\\Jungle_safari\\frontend\\node_modules\\@babel\\plugin-transform-flow-strip-types'
218 silly reify ]
219 silly reify mark retired [
219 silly reify   'C:\\Users\\richa\\Downloads\\Jungle_safari (2)\\Jungle_safari\\frontend\\node_modules\\@babel\\plugin-transform-export-namespace-from'
219 silly reify ]
220 silly reify mark retired [
220 silly reify   'C:\\Users\\richa\\Downloads\\Jungle_safari (2)\\Jungle_safari\\frontend\\node_modules\\@babel\\plugin-transform-function-name'
220 silly reify ]
221 silly reify mark retired [
221 silly reify   'C:\\Users\\richa\\Downloads\\Jungle_safari (2)\\Jungle_safari\\frontend\\node_modules\\@babel\\plugin-transform-json-strings'
221 silly reify ]
222 silly reify mark retired [
222 silly reify   'C:\\Users\\richa\\Downloads\\Jungle_safari (2)\\Jungle_safari\\frontend\\node_modules\\@babel\\plugin-transform-for-of'
222 silly reify ]
223 silly reify mark retired [
223 silly reify   'C:\\Users\\richa\\Downloads\\Jungle_safari (2)\\Jungle_safari\\frontend\\node_modules\\@babel\\plugin-transform-literals'
223 silly reify ]
224 silly reify mark retired [
224 silly reify   'C:\\Users\\richa\\Downloads\\Jungle_safari (2)\\Jungle_safari\\frontend\\node_modules\\@babel\\plugin-transform-member-expression-literals'
224 silly reify ]
225 silly reify mark retired [
225 silly reify   'C:\\Users\\richa\\Downloads\\Jungle_safari (2)\\Jungle_safari\\frontend\\node_modules\\@babel\\plugin-transform-logical-assignment-operators'
225 silly reify ]
226 silly reify mark retired [
226 silly reify   'C:\\Users\\richa\\Downloads\\Jungle_safari (2)\\Jungle_safari\\frontend\\node_modules\\@babel\\plugin-transform-modules-amd'
226 silly reify ]
227 silly reify mark retired [
227 silly reify   'C:\\Users\\richa\\Downloads\\Jungle_safari (2)\\Jungle_safari\\frontend\\node_modules\\@babel\\plugin-transform-modules-commonjs'
227 silly reify ]
228 silly reify mark retired [
228 silly reify   'C:\\Users\\richa\\Downloads\\Jungle_safari (2)\\Jungle_safari\\frontend\\node_modules\\@babel\\plugin-transform-modules-systemjs'
228 silly reify ]
229 silly reify mark retired [
229 silly reify   'C:\\Users\\richa\\Downloads\\Jungle_safari (2)\\Jungle_safari\\frontend\\node_modules\\@babel\\plugin-transform-named-capturing-groups-regex'
229 silly reify ]
230 silly reify mark retired [
230 silly reify   'C:\\Users\\richa\\Downloads\\Jungle_safari (2)\\Jungle_safari\\frontend\\node_modules\\@babel\\plugin-transform-modules-umd'
230 silly reify ]
231 silly reify mark retired [
231 silly reify   'C:\\Users\\richa\\Downloads\\Jungle_safari (2)\\Jungle_safari\\frontend\\node_modules\\@babel\\plugin-transform-new-target'
231 silly reify ]
232 silly reify mark retired [
232 silly reify   'C:\\Users\\richa\\Downloads\\Jungle_safari (2)\\Jungle_safari\\frontend\\node_modules\\@babel\\plugin-transform-nullish-coalescing-operator'
232 silly reify ]
233 silly reify mark retired [
233 silly reify   'C:\\Users\\richa\\Downloads\\Jungle_safari (2)\\Jungle_safari\\frontend\\node_modules\\@babel\\plugin-transform-numeric-separator'
233 silly reify ]
234 silly reify mark retired [
234 silly reify   'C:\\Users\\richa\\Downloads\\Jungle_safari (2)\\Jungle_safari\\frontend\\node_modules\\@babel\\plugin-transform-object-super'
234 silly reify ]
235 silly reify mark retired [
235 silly reify   'C:\\Users\\richa\\Downloads\\Jungle_safari (2)\\Jungle_safari\\frontend\\node_modules\\@babel\\plugin-transform-object-rest-spread'
235 silly reify ]
236 silly reify mark retired [
236 silly reify   'C:\\Users\\richa\\Downloads\\Jungle_safari (2)\\Jungle_safari\\frontend\\node_modules\\@babel\\plugin-transform-optional-catch-binding'
236 silly reify ]
237 silly reify mark retired [
237 silly reify   'C:\\Users\\richa\\Downloads\\Jungle_safari (2)\\Jungle_safari\\frontend\\node_modules\\@babel\\plugin-transform-optional-chaining'
237 silly reify ]
238 silly reify mark retired [
238 silly reify   'C:\\Users\\richa\\Downloads\\Jungle_safari (2)\\Jungle_safari\\frontend\\node_modules\\@babel\\plugin-transform-parameters'
238 silly reify ]
239 silly reify mark retired [
239 silly reify   'C:\\Users\\richa\\Downloads\\Jungle_safari (2)\\Jungle_safari\\frontend\\node_modules\\@babel\\plugin-transform-private-property-in-object'
239 silly reify ]
240 silly reify mark retired [
240 silly reify   'C:\\Users\\richa\\Downloads\\Jungle_safari (2)\\Jungle_safari\\frontend\\node_modules\\@babel\\plugin-transform-private-methods'
240 silly reify ]
241 silly reify mark retired [
241 silly reify   'C:\\Users\\richa\\Downloads\\Jungle_safari (2)\\Jungle_safari\\frontend\\node_modules\\@babel\\plugin-transform-property-literals'
241 silly reify ]
242 silly reify mark retired [
242 silly reify   'C:\\Users\\richa\\Downloads\\Jungle_safari (2)\\Jungle_safari\\frontend\\node_modules\\@babel\\plugin-transform-react-constant-elements'
242 silly reify ]
243 silly reify mark retired [
243 silly reify   'C:\\Users\\richa\\Downloads\\Jungle_safari (2)\\Jungle_safari\\frontend\\node_modules\\@babel\\plugin-transform-react-display-name'
243 silly reify ]
244 silly reify mark retired [
244 silly reify   'C:\\Users\\richa\\Downloads\\Jungle_safari (2)\\Jungle_safari\\frontend\\node_modules\\@babel\\plugin-transform-react-jsx-development'
244 silly reify ]
245 silly reify mark retired [
245 silly reify   'C:\\Users\\richa\\Downloads\\Jungle_safari (2)\\Jungle_safari\\frontend\\node_modules\\@babel\\plugin-transform-react-jsx'
245 silly reify ]
246 silly reify mark retired [
246 silly reify   'C:\\Users\\richa\\Downloads\\Jungle_safari (2)\\Jungle_safari\\frontend\\node_modules\\@babel\\plugin-transform-react-pure-annotations'
246 silly reify ]
247 silly reify mark retired [
247 silly reify   'C:\\Users\\richa\\Downloads\\Jungle_safari (2)\\Jungle_safari\\frontend\\node_modules\\@babel\\plugin-transform-regexp-modifiers'
247 silly reify ]
248 silly reify mark retired [
248 silly reify   'C:\\Users\\richa\\Downloads\\Jungle_safari (2)\\Jungle_safari\\frontend\\node_modules\\@babel\\plugin-transform-regenerator'
248 silly reify ]
249 silly reify mark retired [
249 silly reify   'C:\\Users\\richa\\Downloads\\Jungle_safari (2)\\Jungle_safari\\frontend\\node_modules\\@babel\\plugin-transform-reserved-words'
249 silly reify ]
250 silly reify mark retired [
250 silly reify   'C:\\Users\\richa\\Downloads\\Jungle_safari (2)\\Jungle_safari\\frontend\\node_modules\\@babel\\plugin-transform-runtime'
250 silly reify ]
251 silly reify mark retired [
251 silly reify   'C:\\Users\\richa\\Downloads\\Jungle_safari (2)\\Jungle_safari\\frontend\\node_modules\\@babel\\plugin-transform-spread'
251 silly reify ]
252 silly reify mark retired [
252 silly reify   'C:\\Users\\richa\\Downloads\\Jungle_safari (2)\\Jungle_safari\\frontend\\node_modules\\@babel\\plugin-transform-shorthand-properties'
252 silly reify ]
253 silly reify mark retired [
253 silly reify   'C:\\Users\\richa\\Downloads\\Jungle_safari (2)\\Jungle_safari\\frontend\\node_modules\\@babel\\plugin-transform-sticky-regex'
253 silly reify ]
254 silly reify mark retired [
254 silly reify   'C:\\Users\\richa\\Downloads\\Jungle_safari (2)\\Jungle_safari\\frontend\\node_modules\\@babel\\plugin-transform-typeof-symbol'
254 silly reify ]
255 silly reify mark retired [
255 silly reify   'C:\\Users\\richa\\Downloads\\Jungle_safari (2)\\Jungle_safari\\frontend\\node_modules\\@babel\\plugin-transform-template-literals'
255 silly reify ]
256 silly reify mark retired [
256 silly reify   'C:\\Users\\richa\\Downloads\\Jungle_safari (2)\\Jungle_safari\\frontend\\node_modules\\@babel\\plugin-transform-unicode-escapes'
256 silly reify ]
257 silly reify mark retired [
257 silly reify   'C:\\Users\\richa\\Downloads\\Jungle_safari (2)\\Jungle_safari\\frontend\\node_modules\\@babel\\plugin-transform-typescript'
257 silly reify ]
258 silly reify mark retired [
258 silly reify   'C:\\Users\\richa\\Downloads\\Jungle_safari (2)\\Jungle_safari\\frontend\\node_modules\\@babel\\plugin-transform-unicode-property-regex'
258 silly reify ]
259 silly reify mark retired [
259 silly reify   'C:\\Users\\richa\\Downloads\\Jungle_safari (2)\\Jungle_safari\\frontend\\node_modules\\@babel\\plugin-transform-unicode-regex'
259 silly reify ]
260 silly reify mark retired [
260 silly reify   'C:\\Users\\richa\\Downloads\\Jungle_safari (2)\\Jungle_safari\\frontend\\node_modules\\@babel\\plugin-transform-unicode-sets-regex'
260 silly reify ]
261 silly reify mark retired [
261 silly reify   'C:\\Users\\richa\\Downloads\\Jungle_safari (2)\\Jungle_safari\\frontend\\node_modules\\@babel\\preset-env'
261 silly reify ]
262 silly reify mark retired [
262 silly reify   'C:\\Users\\richa\\Downloads\\Jungle_safari (2)\\Jungle_safari\\frontend\\node_modules\\@babel\\preset-typescript'
262 silly reify ]
263 silly reify mark retired [
263 silly reify   'C:\\Users\\richa\\Downloads\\Jungle_safari (2)\\Jungle_safari\\frontend\\node_modules\\@babel\\preset-react'
263 silly reify ]
264 silly reify mark retired [
264 silly reify   'C:\\Users\\richa\\Downloads\\Jungle_safari (2)\\Jungle_safari\\frontend\\node_modules\\@babel\\runtime'
264 silly reify ]
265 silly reify mark retired [
265 silly reify   'C:\\Users\\richa\\Downloads\\Jungle_safari (2)\\Jungle_safari\\frontend\\node_modules\\@babel\\template'
265 silly reify ]
266 silly reify mark retired [
266 silly reify   'C:\\Users\\richa\\Downloads\\Jungle_safari (2)\\Jungle_safari\\frontend\\node_modules\\@babel\\traverse'
266 silly reify ]
267 silly reify mark retired [
267 silly reify   'C:\\Users\\richa\\Downloads\\Jungle_safari (2)\\Jungle_safari\\frontend\\node_modules\\@babel\\types'
267 silly reify ]
268 silly reify mark retired [
268 silly reify   'C:\\Users\\richa\\Downloads\\Jungle_safari (2)\\Jungle_safari\\frontend\\node_modules\\@emotion\\babel-plugin'
268 silly reify ]
269 silly reify mark retired [
269 silly reify   'C:\\Users\\richa\\Downloads\\Jungle_safari (2)\\Jungle_safari\\frontend\\node_modules\\@emotion\\cache'
269 silly reify ]
270 silly reify mark retired [
270 silly reify   'C:\\Users\\richa\\Downloads\\Jungle_safari (2)\\Jungle_safari\\frontend\\node_modules\\@emotion\\hash'
270 silly reify ]
271 silly reify mark retired [
271 silly reify   'C:\\Users\\richa\\Downloads\\Jungle_safari (2)\\Jungle_safari\\frontend\\node_modules\\@emotion\\is-prop-valid'
271 silly reify ]
272 silly reify mark retired [
272 silly reify   'C:\\Users\\richa\\Downloads\\Jungle_safari (2)\\Jungle_safari\\frontend\\node_modules\\@emotion\\memoize'
272 silly reify ]
273 silly reify mark retired [
273 silly reify   'C:\\Users\\richa\\Downloads\\Jungle_safari (2)\\Jungle_safari\\frontend\\node_modules\\@emotion\\react'
273 silly reify ]
274 silly reify mark retired [
274 silly reify   'C:\\Users\\richa\\Downloads\\Jungle_safari (2)\\Jungle_safari\\frontend\\node_modules\\@emotion\\serialize'
274 silly reify ]
275 silly reify mark retired [
275 silly reify   'C:\\Users\\richa\\Downloads\\Jungle_safari (2)\\Jungle_safari\\frontend\\node_modules\\@emotion\\sheet'
275 silly reify ]
276 silly reify mark retired [
276 silly reify   'C:\\Users\\richa\\Downloads\\Jungle_safari (2)\\Jungle_safari\\frontend\\node_modules\\@emotion\\unitless'
276 silly reify ]
277 silly reify mark retired [
277 silly reify   'C:\\Users\\richa\\Downloads\\Jungle_safari (2)\\Jungle_safari\\frontend\\node_modules\\@emotion\\styled'
277 silly reify ]
278 silly reify mark retired [
278 silly reify   'C:\\Users\\richa\\Downloads\\Jungle_safari (2)\\Jungle_safari\\frontend\\node_modules\\@emotion\\use-insertion-effect-with-fallbacks'
278 silly reify ]
279 silly reify mark retired [
279 silly reify   'C:\\Users\\richa\\Downloads\\Jungle_safari (2)\\Jungle_safari\\frontend\\node_modules\\@emotion\\utils'
279 silly reify ]
280 silly reify mark retired [
280 silly reify   'C:\\Users\\richa\\Downloads\\Jungle_safari (2)\\Jungle_safari\\frontend\\node_modules\\@emotion\\weak-memoize'
280 silly reify ]
281 silly reify mark retired [
281 silly reify   'C:\\Users\\richa\\Downloads\\Jungle_safari (2)\\Jungle_safari\\frontend\\node_modules\\@isaacs\\cliui'
281 silly reify ]
282 silly reify mark retired [
282 silly reify   'C:\\Users\\richa\\Downloads\\Jungle_safari (2)\\Jungle_safari\\frontend\\node_modules\\@eslint-community\\regexpp'
282 silly reify ]
283 silly reify mark retired [
283 silly reify   'C:\\Users\\richa\\Downloads\\Jungle_safari (2)\\Jungle_safari\\frontend\\node_modules\\@eslint-community\\eslint-utils'
283 silly reify ]
284 silly reify mark retired [
284 silly reify   'C:\\Users\\richa\\Downloads\\Jungle_safari (2)\\Jungle_safari\\frontend\\node_modules\\@istanbuljs\\schema'
284 silly reify ]
285 silly reify mark retired [
285 silly reify   'C:\\Users\\richa\\Downloads\\Jungle_safari (2)\\Jungle_safari\\frontend\\node_modules\\@jest\\expect-utils'
285 silly reify ]
286 silly reify mark retired [
286 silly reify   'C:\\Users\\richa\\Downloads\\Jungle_safari (2)\\Jungle_safari\\frontend\\node_modules\\@jridgewell\\gen-mapping'
286 silly reify ]
287 silly reify mark retired [
287 silly reify   'C:\\Users\\richa\\Downloads\\Jungle_safari (2)\\Jungle_safari\\frontend\\node_modules\\@jridgewell\\set-array'
287 silly reify ]
288 silly reify mark retired [
288 silly reify   'C:\\Users\\richa\\Downloads\\Jungle_safari (2)\\Jungle_safari\\frontend\\node_modules\\@jridgewell\\sourcemap-codec'
288 silly reify ]
289 silly reify mark retired [
289 silly reify   'C:\\Users\\richa\\Downloads\\Jungle_safari (2)\\Jungle_safari\\frontend\\node_modules\\@jridgewell\\source-map'
289 silly reify ]
290 silly reify mark retired [
290 silly reify   'C:\\Users\\richa\\Downloads\\Jungle_safari (2)\\Jungle_safari\\frontend\\node_modules\\@jridgewell\\trace-mapping'
290 silly reify ]
291 silly reify mark retired [
291 silly reify   'C:\\Users\\richa\\Downloads\\Jungle_safari (2)\\Jungle_safari\\frontend\\node_modules\\@mui\\core-downloads-tracker'
291 silly reify ]
292 silly reify mark retired [
292 silly reify   'C:\\Users\\richa\\Downloads\\Jungle_safari (2)\\Jungle_safari\\frontend\\node_modules\\@mui\\icons-material'
292 silly reify ]
293 silly reify mark retired [
293 silly reify   'C:\\Users\\richa\\Downloads\\Jungle_safari (2)\\Jungle_safari\\frontend\\node_modules\\@mui\\material'
293 silly reify ]
294 silly reify mark retired [
294 silly reify   'C:\\Users\\richa\\Downloads\\Jungle_safari (2)\\Jungle_safari\\frontend\\node_modules\\@mui\\private-theming'
294 silly reify ]
295 silly reify mark retired [
295 silly reify   'C:\\Users\\richa\\Downloads\\Jungle_safari (2)\\Jungle_safari\\frontend\\node_modules\\@mui\\styled-engine'
295 silly reify ]
296 silly reify mark retired [
296 silly reify   'C:\\Users\\richa\\Downloads\\Jungle_safari (2)\\Jungle_safari\\frontend\\node_modules\\@mui\\system'
296 silly reify ]
297 silly reify mark retired [
297 silly reify   'C:\\Users\\richa\\Downloads\\Jungle_safari (2)\\Jungle_safari\\frontend\\node_modules\\@mui\\types'
297 silly reify ]
298 silly reify mark retired [
298 silly reify   'C:\\Users\\richa\\Downloads\\Jungle_safari (2)\\Jungle_safari\\frontend\\node_modules\\@mui\\utils'
298 silly reify ]
299 silly reify mark retired [
299 silly reify   'C:\\Users\\richa\\Downloads\\Jungle_safari (2)\\Jungle_safari\\frontend\\node_modules\\@pkgjs\\parseargs'
299 silly reify ]
300 silly reify mark retired [
300 silly reify   'C:\\Users\\richa\\Downloads\\Jungle_safari (2)\\Jungle_safari\\frontend\\node_modules\\@popperjs\\core'
300 silly reify ]
301 silly reify mark retired [
301 silly reify   'C:\\Users\\richa\\Downloads\\Jungle_safari (2)\\Jungle_safari\\frontend\\node_modules\\@pmmmwh\\react-refresh-webpack-plugin'
301 silly reify ]
302 silly reify mark retired [
302 silly reify   'C:\\Users\\richa\\Downloads\\Jungle_safari (2)\\Jungle_safari\\frontend\\node_modules\\@remix-run\\router'
302 silly reify ]
303 silly reify mark retired [
303 silly reify   'C:\\Users\\richa\\Downloads\\Jungle_safari (2)\\Jungle_safari\\frontend\\node_modules\\@rushstack\\eslint-patch'
303 silly reify ]
304 silly reify mark retired [
304 silly reify   'C:\\Users\\richa\\Downloads\\Jungle_safari (2)\\Jungle_safari\\frontend\\node_modules\\@socket.io\\component-emitter'
304 silly reify ]
305 silly reify mark retired [
305 silly reify   'C:\\Users\\richa\\Downloads\\Jungle_safari (2)\\Jungle_safari\\frontend\\node_modules\\@svgdotjs\\svg.filter.js'
305 silly reify ]
306 silly reify mark retired [
306 silly reify   'C:\\Users\\richa\\Downloads\\Jungle_safari (2)\\Jungle_safari\\frontend\\node_modules\\@svgdotjs\\svg.js'
306 silly reify ]
307 silly reify mark retired [
307 silly reify   'C:\\Users\\richa\\Downloads\\Jungle_safari (2)\\Jungle_safari\\frontend\\node_modules\\@svgdotjs\\svg.draggable.js'
307 silly reify ]
308 silly reify mark retired [
308 silly reify   'C:\\Users\\richa\\Downloads\\Jungle_safari (2)\\Jungle_safari\\frontend\\node_modules\\@svgdotjs\\svg.resize.js'
308 silly reify ]
309 silly reify mark retired [
309 silly reify   'C:\\Users\\richa\\Downloads\\Jungle_safari (2)\\Jungle_safari\\frontend\\node_modules\\@svgdotjs\\svg.select.js'
309 silly reify ]
310 silly reify mark retired [
310 silly reify   'C:\\Users\\richa\\Downloads\\Jungle_safari (2)\\Jungle_safari\\frontend\\node_modules\\@testing-library\\dom'
310 silly reify ]
311 silly reify mark retired [
311 silly reify   'C:\\Users\\richa\\Downloads\\Jungle_safari (2)\\Jungle_safari\\frontend\\node_modules\\@trysound\\sax'
311 silly reify ]
312 silly reify mark retired [
312 silly reify   'C:\\Users\\richa\\Downloads\\Jungle_safari (2)\\Jungle_safari\\frontend\\node_modules\\@types\\babel__generator'
312 silly reify ]
313 silly reify mark retired [
313 silly reify   'C:\\Users\\richa\\Downloads\\Jungle_safari (2)\\Jungle_safari\\frontend\\node_modules\\@types\\babel__traverse'
313 silly reify ]
314 silly reify mark retired [
314 silly reify   'C:\\Users\\richa\\Downloads\\Jungle_safari (2)\\Jungle_safari\\frontend\\node_modules\\@types\\body-parser'
314 silly reify ]
315 silly reify mark retired [
315 silly reify   'C:\\Users\\richa\\Downloads\\Jungle_safari (2)\\Jungle_safari\\frontend\\node_modules\\@types\\estree'
315 silly reify ]
316 silly reify mark retired [
316 silly reify   'C:\\Users\\richa\\Downloads\\Jungle_safari (2)\\Jungle_safari\\frontend\\node_modules\\@types\\eslint-scope'
316 silly reify ]
317 silly reify mark retired [
317 silly reify   'C:\\Users\\richa\\Downloads\\Jungle_safari (2)\\Jungle_safari\\frontend\\node_modules\\@types\\express'
317 silly reify ]
318 silly reify mark retired [
318 silly reify   'C:\\Users\\richa\\Downloads\\Jungle_safari (2)\\Jungle_safari\\frontend\\node_modules\\@types\\express-serve-static-core'
318 silly reify ]
319 silly reify mark retired [
319 silly reify   'C:\\Users\\richa\\Downloads\\Jungle_safari (2)\\Jungle_safari\\frontend\\node_modules\\@types\\http-errors'
319 silly reify ]
320 silly reify mark retired [
320 silly reify   'C:\\Users\\richa\\Downloads\\Jungle_safari (2)\\Jungle_safari\\frontend\\node_modules\\@types\\http-proxy'
320 silly reify ]
321 silly reify mark retired [
321 silly reify   'C:\\Users\\richa\\Downloads\\Jungle_safari (2)\\Jungle_safari\\frontend\\node_modules\\@types\\jest'
321 silly reify ]
322 silly reify mark retired [
322 silly reify   'C:\\Users\\richa\\Downloads\\Jungle_safari (2)\\Jungle_safari\\frontend\\node_modules\\@types\\node'
322 silly reify ]
323 silly reify mark retired [
323 silly reify   'C:\\Users\\richa\\Downloads\\Jungle_safari (2)\\Jungle_safari\\frontend\\node_modules\\@types\\node-forge'
323 silly reify ]
324 silly reify mark retired [
324 silly reify   'C:\\Users\\richa\\Downloads\\Jungle_safari (2)\\Jungle_safari\\frontend\\node_modules\\@types\\prop-types'
324 silly reify ]
325 silly reify mark retired [
325 silly reify   'C:\\Users\\richa\\Downloads\\Jungle_safari (2)\\Jungle_safari\\frontend\\node_modules\\@types\\react'
325 silly reify ]
326 silly reify mark retired [
326 silly reify   'C:\\Users\\richa\\Downloads\\Jungle_safari (2)\\Jungle_safari\\frontend\\node_modules\\@types\\qs'
326 silly reify ]
327 silly reify mark retired [
327 silly reify   'C:\\Users\\richa\\Downloads\\Jungle_safari (2)\\Jungle_safari\\frontend\\node_modules\\@types\\react-dom'
327 silly reify ]
328 silly reify mark retired [
328 silly reify   'C:\\Users\\richa\\Downloads\\Jungle_safari (2)\\Jungle_safari\\frontend\\node_modules\\@types\\react-transition-group'
328 silly reify ]
329 silly reify mark retired [
329 silly reify   'C:\\Users\\richa\\Downloads\\Jungle_safari (2)\\Jungle_safari\\frontend\\node_modules\\@types\\semver'
329 silly reify ]
330 silly reify mark retired [
330 silly reify   'C:\\Users\\richa\\Downloads\\Jungle_safari (2)\\Jungle_safari\\frontend\\node_modules\\@types\\send'
330 silly reify ]
331 silly reify mark retired [
331 silly reify   'C:\\Users\\richa\\Downloads\\Jungle_safari (2)\\Jungle_safari\\frontend\\node_modules\\@types\\serve-static'
331 silly reify ]
332 silly reify mark retired [
332 silly reify   'C:\\Users\\richa\\Downloads\\Jungle_safari (2)\\Jungle_safari\\frontend\\node_modules\\@types\\ws'
332 silly reify ]
333 silly reify mark retired [
333 silly reify   'C:\\Users\\richa\\Downloads\\Jungle_safari (2)\\Jungle_safari\\frontend\\node_modules\\@types\\yargs'
333 silly reify ]
334 silly reify mark retired [
334 silly reify   'C:\\Users\\richa\\Downloads\\Jungle_safari (2)\\Jungle_safari\\frontend\\node_modules\\@ungap\\structured-clone'
334 silly reify ]
335 silly reify mark retired [
335 silly reify   'C:\\Users\\richa\\Downloads\\Jungle_safari (2)\\Jungle_safari\\frontend\\node_modules\\@yr\\monotone-cubic-spline'
335 silly reify ]
336 silly reify mark retired [
336 silly reify   'C:\\Users\\richa\\Downloads\\Jungle_safari (2)\\Jungle_safari\\frontend\\node_modules\\acorn-globals\\node_modules\\acorn',
336 silly reify   'C:\\Users\\richa\\Downloads\\Jungle_safari (2)\\Jungle_safari\\frontend\\node_modules\\acorn-globals\\node_modules\\.bin\\acorn',
336 silly reify   'C:\\Users\\richa\\Downloads\\Jungle_safari (2)\\Jungle_safari\\frontend\\node_modules\\acorn-globals\\node_modules\\.bin\\acorn.cmd',
336 silly reify   'C:\\Users\\richa\\Downloads\\Jungle_safari (2)\\Jungle_safari\\frontend\\node_modules\\acorn-globals\\node_modules\\.bin\\acorn.ps1'
336 silly reify ]
337 silly reify mark retired [
337 silly reify   'C:\\Users\\richa\\Downloads\\Jungle_safari (2)\\Jungle_safari\\frontend\\node_modules\\ansi-html',
337 silly reify   'C:\\Users\\richa\\Downloads\\Jungle_safari (2)\\Jungle_safari\\frontend\\node_modules\\.bin\\ansi-html',
337 silly reify   'C:\\Users\\richa\\Downloads\\Jungle_safari (2)\\Jungle_safari\\frontend\\node_modules\\.bin\\ansi-html.cmd',
337 silly reify   'C:\\Users\\richa\\Downloads\\Jungle_safari (2)\\Jungle_safari\\frontend\\node_modules\\.bin\\ansi-html.ps1'
337 silly reify ]
338 silly reify mark retired [
338 silly reify   'C:\\Users\\richa\\Downloads\\Jungle_safari (2)\\Jungle_safari\\frontend\\node_modules\\ajv-formats\\node_modules\\ajv'
338 silly reify ]
339 silly reify mark retired [
339 silly reify   'C:\\Users\\richa\\Downloads\\Jungle_safari (2)\\Jungle_safari\\frontend\\node_modules\\ansi-html-community',
339 silly reify   'C:\\Users\\richa\\Downloads\\Jungle_safari (2)\\Jungle_safari\\frontend\\node_modules\\.bin\\ansi-html',
339 silly reify   'C:\\Users\\richa\\Downloads\\Jungle_safari (2)\\Jungle_safari\\frontend\\node_modules\\.bin\\ansi-html.cmd',
339 silly reify   'C:\\Users\\richa\\Downloads\\Jungle_safari (2)\\Jungle_safari\\frontend\\node_modules\\.bin\\ansi-html.ps1'
339 silly reify ]
340 silly reify mark retired [
340 silly reify   'C:\\Users\\richa\\Downloads\\Jungle_safari (2)\\Jungle_safari\\frontend\\node_modules\\css-blank-pseudo',
340 silly reify   'C:\\Users\\richa\\Downloads\\Jungle_safari (2)\\Jungle_safari\\frontend\\node_modules\\.bin\\css-blank-pseudo',
340 silly reify   'C:\\Users\\richa\\Downloads\\Jungle_safari (2)\\Jungle_safari\\frontend\\node_modules\\.bin\\css-blank-pseudo.cmd',
340 silly reify   'C:\\Users\\richa\\Downloads\\Jungle_safari (2)\\Jungle_safari\\frontend\\node_modules\\.bin\\css-blank-pseudo.ps1'
340 silly reify ]
341 silly reify mark retired [
341 silly reify   'C:\\Users\\richa\\Downloads\\Jungle_safari (2)\\Jungle_safari\\frontend\\node_modules\\css-has-pseudo',
341 silly reify   'C:\\Users\\richa\\Downloads\\Jungle_safari (2)\\Jungle_safari\\frontend\\node_modules\\.bin\\css-has-pseudo',
341 silly reify   'C:\\Users\\richa\\Downloads\\Jungle_safari (2)\\Jungle_safari\\frontend\\node_modules\\.bin\\css-has-pseudo.cmd',
341 silly reify   'C:\\Users\\richa\\Downloads\\Jungle_safari (2)\\Jungle_safari\\frontend\\node_modules\\.bin\\css-has-pseudo.ps1'
341 silly reify ]
342 silly reify mark retired [
342 silly reify   'C:\\Users\\richa\\Downloads\\Jungle_safari (2)\\Jungle_safari\\frontend\\node_modules\\css-prefers-color-scheme',
342 silly reify   'C:\\Users\\richa\\Downloads\\Jungle_safari (2)\\Jungle_safari\\frontend\\node_modules\\.bin\\css-prefers-color-scheme',
342 silly reify   'C:\\Users\\richa\\Downloads\\Jungle_safari (2)\\Jungle_safari\\frontend\\node_modules\\.bin\\css-prefers-color-scheme.cmd',
342 silly reify   'C:\\Users\\richa\\Downloads\\Jungle_safari (2)\\Jungle_safari\\frontend\\node_modules\\.bin\\css-prefers-color-scheme.ps1'
342 silly reify ]
343 silly reify mark retired [
343 silly reify   'C:\\Users\\richa\\Downloads\\Jungle_safari (2)\\Jungle_safari\\frontend\\node_modules\\cssesc',
343 silly reify   'C:\\Users\\richa\\Downloads\\Jungle_safari (2)\\Jungle_safari\\frontend\\node_modules\\.bin\\cssesc',
343 silly reify   'C:\\Users\\richa\\Downloads\\Jungle_safari (2)\\Jungle_safari\\frontend\\node_modules\\.bin\\cssesc.cmd',
343 silly reify   'C:\\Users\\richa\\Downloads\\Jungle_safari (2)\\Jungle_safari\\frontend\\node_modules\\.bin\\cssesc.ps1'
343 silly reify ]
344 silly reify mark retired [
344 silly reify   'C:\\Users\\richa\\Downloads\\Jungle_safari (2)\\Jungle_safari\\frontend\\node_modules\\detect-port-alt',
344 silly reify   'C:\\Users\\richa\\Downloads\\Jungle_safari (2)\\Jungle_safari\\frontend\\node_modules\\.bin\\detect',
344 silly reify   'C:\\Users\\richa\\Downloads\\Jungle_safari (2)\\Jungle_safari\\frontend\\node_modules\\.bin\\detect.cmd',
344 silly reify   'C:\\Users\\richa\\Downloads\\Jungle_safari (2)\\Jungle_safari\\frontend\\node_modules\\.bin\\detect.ps1',
344 silly reify   'C:\\Users\\richa\\Downloads\\Jungle_safari (2)\\Jungle_safari\\frontend\\node_modules\\.bin\\detect-port',
344 silly reify   'C:\\Users\\richa\\Downloads\\Jungle_safari (2)\\Jungle_safari\\frontend\\node_modules\\.bin\\detect-port.cmd',
344 silly reify   'C:\\Users\\richa\\Downloads\\Jungle_safari (2)\\Jungle_safari\\frontend\\node_modules\\.bin\\detect-port.ps1'
344 silly reify ]
345 silly reify mark retired [
345 silly reify   'C:\\Users\\richa\\Downloads\\Jungle_safari (2)\\Jungle_safari\\frontend\\node_modules\\ejs',
345 silly reify   'C:\\Users\\richa\\Downloads\\Jungle_safari (2)\\Jungle_safari\\frontend\\node_modules\\.bin\\ejs',
345 silly reify   'C:\\Users\\richa\\Downloads\\Jungle_safari (2)\\Jungle_safari\\frontend\\node_modules\\.bin\\ejs.cmd',
345 silly reify   'C:\\Users\\richa\\Downloads\\Jungle_safari (2)\\Jungle_safari\\frontend\\node_modules\\.bin\\ejs.ps1'
345 silly reify ]
346 silly reify mark retired [
346 silly reify   'C:\\Users\\richa\\Downloads\\Jungle_safari (2)\\Jungle_safari\\frontend\\node_modules\\escodegen',
346 silly reify   'C:\\Users\\richa\\Downloads\\Jungle_safari (2)\\Jungle_safari\\frontend\\node_modules\\.bin\\esgenerate',
346 silly reify   'C:\\Users\\richa\\Downloads\\Jungle_safari (2)\\Jungle_safari\\frontend\\node_modules\\.bin\\esgenerate.cmd',
346 silly reify   'C:\\Users\\richa\\Downloads\\Jungle_safari (2)\\Jungle_safari\\frontend\\node_modules\\.bin\\esgenerate.ps1',
346 silly reify   'C:\\Users\\richa\\Downloads\\Jungle_safari (2)\\Jungle_safari\\frontend\\node_modules\\.bin\\escodegen',
346 silly reify   'C:\\Users\\richa\\Downloads\\Jungle_safari (2)\\Jungle_safari\\frontend\\node_modules\\.bin\\escodegen.cmd',
346 silly reify   'C:\\Users\\richa\\Downloads\\Jungle_safari (2)\\Jungle_safari\\frontend\\node_modules\\.bin\\escodegen.ps1'
346 silly reify ]
347 silly reify mark retired [
347 silly reify   'C:\\Users\\richa\\Downloads\\Jungle_safari (2)\\Jungle_safari\\frontend\\node_modules\\eslint',
347 silly reify   'C:\\Users\\richa\\Downloads\\Jungle_safari (2)\\Jungle_safari\\frontend\\node_modules\\.bin\\eslint',
347 silly reify   'C:\\Users\\richa\\Downloads\\Jungle_safari (2)\\Jungle_safari\\frontend\\node_modules\\.bin\\eslint.cmd',
347 silly reify   'C:\\Users\\richa\\Downloads\\Jungle_safari (2)\\Jungle_safari\\frontend\\node_modules\\.bin\\eslint.ps1'
347 silly reify ]
348 silly reify mark retired [
348 silly reify   'C:\\Users\\richa\\Downloads\\Jungle_safari (2)\\Jungle_safari\\frontend\\node_modules\\esprima',
348 silly reify   'C:\\Users\\richa\\Downloads\\Jungle_safari (2)\\Jungle_safari\\frontend\\node_modules\\.bin\\esparse',
348 silly reify   'C:\\Users\\richa\\Downloads\\Jungle_safari (2)\\Jungle_safari\\frontend\\node_modules\\.bin\\esparse.cmd',
348 silly reify   'C:\\Users\\richa\\Downloads\\Jungle_safari (2)\\Jungle_safari\\frontend\\node_modules\\.bin\\esparse.ps1',
348 silly reify   'C:\\Users\\richa\\Downloads\\Jungle_safari (2)\\Jungle_safari\\frontend\\node_modules\\.bin\\esvalidate',
348 silly reify   'C:\\Users\\richa\\Downloads\\Jungle_safari (2)\\Jungle_safari\\frontend\\node_modules\\.bin\\esvalidate.cmd',
348 silly reify   'C:\\Users\\richa\\Downloads\\Jungle_safari (2)\\Jungle_safari\\frontend\\node_modules\\.bin\\esvalidate.ps1'
348 silly reify ]
349 silly reify mark retired [
349 silly reify   'C:\\Users\\richa\\Downloads\\Jungle_safari (2)\\Jungle_safari\\frontend\\node_modules\\global-prefix\\node_modules\\which',
349 silly reify   'C:\\Users\\richa\\Downloads\\Jungle_safari (2)\\Jungle_safari\\frontend\\node_modules\\global-prefix\\node_modules\\.bin\\which',
349 silly reify   'C:\\Users\\richa\\Downloads\\Jungle_safari (2)\\Jungle_safari\\frontend\\node_modules\\global-prefix\\node_modules\\.bin\\which.cmd',
349 silly reify   'C:\\Users\\richa\\Downloads\\Jungle_safari (2)\\Jungle_safari\\frontend\\node_modules\\global-prefix\\node_modules\\.bin\\which.ps1'
349 silly reify ]
350 silly reify mark retired [
350 silly reify   'C:\\Users\\richa\\Downloads\\Jungle_safari (2)\\Jungle_safari\\frontend\\node_modules\\he',
350 silly reify   'C:\\Users\\richa\\Downloads\\Jungle_safari (2)\\Jungle_safari\\frontend\\node_modules\\.bin\\he',
350 silly reify   'C:\\Users\\richa\\Downloads\\Jungle_safari (2)\\Jungle_safari\\frontend\\node_modules\\.bin\\he.cmd',
350 silly reify   'C:\\Users\\richa\\Downloads\\Jungle_safari (2)\\Jungle_safari\\frontend\\node_modules\\.bin\\he.ps1'
350 silly reify ]
351 silly reify mark retired [
351 silly reify   'C:\\Users\\richa\\Downloads\\Jungle_safari (2)\\Jungle_safari\\frontend\\node_modules\\html-minifier-terser',
351 silly reify   'C:\\Users\\richa\\Downloads\\Jungle_safari (2)\\Jungle_safari\\frontend\\node_modules\\.bin\\html-minifier-terser',
351 silly reify   'C:\\Users\\richa\\Downloads\\Jungle_safari (2)\\Jungle_safari\\frontend\\node_modules\\.bin\\html-minifier-terser.cmd',
351 silly reify   'C:\\Users\\richa\\Downloads\\Jungle_safari (2)\\Jungle_safari\\frontend\\node_modules\\.bin\\html-minifier-terser.ps1'
351 silly reify ]
352 silly reify mark retired [
352 silly reify   'C:\\Users\\richa\\Downloads\\Jungle_safari (2)\\Jungle_safari\\frontend\\node_modules\\import-local',
352 silly reify   'C:\\Users\\richa\\Downloads\\Jungle_safari (2)\\Jungle_safari\\frontend\\node_modules\\.bin\\import-local-fixture',
352 silly reify   'C:\\Users\\richa\\Downloads\\Jungle_safari (2)\\Jungle_safari\\frontend\\node_modules\\.bin\\import-local-fixture.cmd',
352 silly reify   'C:\\Users\\richa\\Downloads\\Jungle_safari (2)\\Jungle_safari\\frontend\\node_modules\\.bin\\import-local-fixture.ps1'
352 silly reify ]
353 silly reify mark retired [
353 silly reify   'C:\\Users\\richa\\Downloads\\Jungle_safari (2)\\Jungle_safari\\frontend\\node_modules\\is-docker',
353 silly reify   'C:\\Users\\richa\\Downloads\\Jungle_safari (2)\\Jungle_safari\\frontend\\node_modules\\.bin\\is-docker',
353 silly reify   'C:\\Users\\richa\\Downloads\\Jungle_safari (2)\\Jungle_safari\\frontend\\node_modules\\.bin\\is-docker.cmd',
353 silly reify   'C:\\Users\\richa\\Downloads\\Jungle_safari (2)\\Jungle_safari\\frontend\\node_modules\\.bin\\is-docker.ps1'
353 silly reify ]
354 silly reify mark retired [
354 silly reify   'C:\\Users\\richa\\Downloads\\Jungle_safari (2)\\Jungle_safari\\frontend\\node_modules\\istanbul-lib-instrument\\node_modules\\semver',
354 silly reify   'C:\\Users\\richa\\Downloads\\Jungle_safari (2)\\Jungle_safari\\frontend\\node_modules\\istanbul-lib-instrument\\node_modules\\.bin\\semver',
354 silly reify   'C:\\Users\\richa\\Downloads\\Jungle_safari (2)\\Jungle_safari\\frontend\\node_modules\\istanbul-lib-instrument\\node_modules\\.bin\\semver.cmd',
354 silly reify   'C:\\Users\\richa\\Downloads\\Jungle_safari (2)\\Jungle_safari\\frontend\\node_modules\\istanbul-lib-instrument\\node_modules\\.bin\\semver.ps1'
354 silly reify ]
355 silly reify mark retired [
355 silly reify   'C:\\Users\\richa\\Downloads\\Jungle_safari (2)\\Jungle_safari\\frontend\\node_modules\\jest',
355 silly reify   'C:\\Users\\richa\\Downloads\\Jungle_safari (2)\\Jungle_safari\\frontend\\node_modules\\.bin\\jest',
355 silly reify   'C:\\Users\\richa\\Downloads\\Jungle_safari (2)\\Jungle_safari\\frontend\\node_modules\\.bin\\jest.cmd',
355 silly reify   'C:\\Users\\richa\\Downloads\\Jungle_safari (2)\\Jungle_safari\\frontend\\node_modules\\.bin\\jest.ps1'
355 silly reify ]
356 silly reify mark retired [
356 silly reify   'C:\\Users\\richa\\Downloads\\Jungle_safari (2)\\Jungle_safari\\frontend\\node_modules\\jest-cli',
356 silly reify   'C:\\Users\\richa\\Downloads\\Jungle_safari (2)\\Jungle_safari\\frontend\\node_modules\\.bin\\jest',
356 silly reify   'C:\\Users\\richa\\Downloads\\Jungle_safari (2)\\Jungle_safari\\frontend\\node_modules\\.bin\\jest.cmd',
356 silly reify   'C:\\Users\\richa\\Downloads\\Jungle_safari (2)\\Jungle_safari\\frontend\\node_modules\\.bin\\jest.ps1'
356 silly reify ]
357 silly reify mark retired [
357 silly reify   'C:\\Users\\richa\\Downloads\\Jungle_safari (2)\\Jungle_safari\\frontend\\node_modules\\jiti',
357 silly reify   'C:\\Users\\richa\\Downloads\\Jungle_safari (2)\\Jungle_safari\\frontend\\node_modules\\.bin\\jiti',
357 silly reify   'C:\\Users\\richa\\Downloads\\Jungle_safari (2)\\Jungle_safari\\frontend\\node_modules\\.bin\\jiti.cmd',
357 silly reify   'C:\\Users\\richa\\Downloads\\Jungle_safari (2)\\Jungle_safari\\frontend\\node_modules\\.bin\\jiti.ps1'
357 silly reify ]
358 silly reify mark retired [
358 silly reify   'C:\\Users\\richa\\Downloads\\Jungle_safari (2)\\Jungle_safari\\frontend\\node_modules\\jest-watch-typeahead\\node_modules\\strip-ansi'
358 silly reify ]
359 silly reify mark retired [
359 silly reify   'C:\\Users\\richa\\Downloads\\Jungle_safari (2)\\Jungle_safari\\frontend\\node_modules\\jest-watch-typeahead\\node_modules\\@types\\yargs'
359 silly reify ]
360 silly reify mark retired [
360 silly reify   'C:\\Users\\richa\\Downloads\\Jungle_safari (2)\\Jungle_safari\\frontend\\node_modules\\jsesc',
360 silly reify   'C:\\Users\\richa\\Downloads\\Jungle_safari (2)\\Jungle_safari\\frontend\\node_modules\\.bin\\jsesc',
360 silly reify   'C:\\Users\\richa\\Downloads\\Jungle_safari (2)\\Jungle_safari\\frontend\\node_modules\\.bin\\jsesc.cmd',
360 silly reify   'C:\\Users\\richa\\Downloads\\Jungle_safari (2)\\Jungle_safari\\frontend\\node_modules\\.bin\\jsesc.ps1'
360 silly reify ]
361 silly reify mark retired [
361 silly reify   'C:\\Users\\richa\\Downloads\\Jungle_safari (2)\\Jungle_safari\\frontend\\node_modules\\jsdom\\node_modules\\form-data'
361 silly reify ]
362 silly reify mark retired [
362 silly reify   'C:\\Users\\richa\\Downloads\\Jungle_safari (2)\\Jungle_safari\\frontend\\node_modules\\json5',
362 silly reify   'C:\\Users\\richa\\Downloads\\Jungle_safari (2)\\Jungle_safari\\frontend\\node_modules\\.bin\\json5',
362 silly reify   'C:\\Users\\richa\\Downloads\\Jungle_safari (2)\\Jungle_safari\\frontend\\node_modules\\.bin\\json5.cmd',
362 silly reify   'C:\\Users\\richa\\Downloads\\Jungle_safari (2)\\Jungle_safari\\frontend\\node_modules\\.bin\\json5.ps1'
362 silly reify ]
363 silly reify mark retired [
363 silly reify   'C:\\Users\\richa\\Downloads\\Jungle_safari (2)\\Jungle_safari\\frontend\\node_modules\\loose-envify',
363 silly reify   'C:\\Users\\richa\\Downloads\\Jungle_safari (2)\\Jungle_safari\\frontend\\node_modules\\.bin\\loose-envify',
363 silly reify   'C:\\Users\\richa\\Downloads\\Jungle_safari (2)\\Jungle_safari\\frontend\\node_modules\\.bin\\loose-envify.cmd',
363 silly reify   'C:\\Users\\richa\\Downloads\\Jungle_safari (2)\\Jungle_safari\\frontend\\node_modules\\.bin\\loose-envify.ps1'
363 silly reify ]
364 silly reify mark retired [
364 silly reify   'C:\\Users\\richa\\Downloads\\Jungle_safari (2)\\Jungle_safari\\frontend\\node_modules\\lz-string',
364 silly reify   'C:\\Users\\richa\\Downloads\\Jungle_safari (2)\\Jungle_safari\\frontend\\node_modules\\.bin\\lz-string',
364 silly reify   'C:\\Users\\richa\\Downloads\\Jungle_safari (2)\\Jungle_safari\\frontend\\node_modules\\.bin\\lz-string.cmd',
364 silly reify   'C:\\Users\\richa\\Downloads\\Jungle_safari (2)\\Jungle_safari\\frontend\\node_modules\\.bin\\lz-string.ps1'
364 silly reify ]
365 silly reify mark retired [
365 silly reify   'C:\\Users\\richa\\Downloads\\Jungle_safari (2)\\Jungle_safari\\frontend\\node_modules\\make-dir\\node_modules\\semver',
365 silly reify   'C:\\Users\\richa\\Downloads\\Jungle_safari (2)\\Jungle_safari\\frontend\\node_modules\\make-dir\\node_modules\\.bin\\semver',
365 silly reify   'C:\\Users\\richa\\Downloads\\Jungle_safari (2)\\Jungle_safari\\frontend\\node_modules\\make-dir\\node_modules\\.bin\\semver.cmd',
365 silly reify   'C:\\Users\\richa\\Downloads\\Jungle_safari (2)\\Jungle_safari\\frontend\\node_modules\\make-dir\\node_modules\\.bin\\semver.ps1'
365 silly reify ]
366 silly reify mark retired [
366 silly reify   'C:\\Users\\richa\\Downloads\\Jungle_safari (2)\\Jungle_safari\\frontend\\node_modules\\mime',
366 silly reify   'C:\\Users\\richa\\Downloads\\Jungle_safari (2)\\Jungle_safari\\frontend\\node_modules\\.bin\\mime',
366 silly reify   'C:\\Users\\richa\\Downloads\\Jungle_safari (2)\\Jungle_safari\\frontend\\node_modules\\.bin\\mime.cmd',
366 silly reify   'C:\\Users\\richa\\Downloads\\Jungle_safari (2)\\Jungle_safari\\frontend\\node_modules\\.bin\\mime.ps1'
366 silly reify ]
367 silly reify mark retired [
367 silly reify   'C:\\Users\\richa\\Downloads\\Jungle_safari (2)\\Jungle_safari\\frontend\\node_modules\\mkdirp',
367 silly reify   'C:\\Users\\richa\\Downloads\\Jungle_safari (2)\\Jungle_safari\\frontend\\node_modules\\.bin\\mkdirp',
367 silly reify   'C:\\Users\\richa\\Downloads\\Jungle_safari (2)\\Jungle_safari\\frontend\\node_modules\\.bin\\mkdirp.cmd',
367 silly reify   'C:\\Users\\richa\\Downloads\\Jungle_safari (2)\\Jungle_safari\\frontend\\node_modules\\.bin\\mkdirp.ps1'
367 silly reify ]
368 silly reify mark retired [
368 silly reify   'C:\\Users\\richa\\Downloads\\Jungle_safari (2)\\Jungle_safari\\frontend\\node_modules\\multicast-dns',
368 silly reify   'C:\\Users\\richa\\Downloads\\Jungle_safari (2)\\Jungle_safari\\frontend\\node_modules\\.bin\\multicast-dns',
368 silly reify   'C:\\Users\\richa\\Downloads\\Jungle_safari (2)\\Jungle_safari\\frontend\\node_modules\\.bin\\multicast-dns.cmd',
368 silly reify   'C:\\Users\\richa\\Downloads\\Jungle_safari (2)\\Jungle_safari\\frontend\\node_modules\\.bin\\multicast-dns.ps1'
368 silly reify ]
369 silly reify mark retired [
369 silly reify   'C:\\Users\\richa\\Downloads\\Jungle_safari (2)\\Jungle_safari\\frontend\\node_modules\\postcss-modules-local-by-default\\node_modules\\postcss-selector-parser'
369 silly reify ]
370 silly reify mark retired [
370 silly reify   'C:\\Users\\richa\\Downloads\\Jungle_safari (2)\\Jungle_safari\\frontend\\node_modules\\postcss-modules-scope\\node_modules\\postcss-selector-parser'
370 silly reify ]
371 silly reify mark retired [
371 silly reify   'C:\\Users\\richa\\Downloads\\Jungle_safari (2)\\Jungle_safari\\frontend\\node_modules\\postcss-svgo\\node_modules\\svgo'
371 silly reify ]
372 silly reify mark retired [
372 silly reify   'C:\\Users\\richa\\Downloads\\Jungle_safari (2)\\Jungle_safari\\frontend\\node_modules\\react-scripts',
372 silly reify   'C:\\Users\\richa\\Downloads\\Jungle_safari (2)\\Jungle_safari\\frontend\\node_modules\\.bin\\react-scripts',
372 silly reify   'C:\\Users\\richa\\Downloads\\Jungle_safari (2)\\Jungle_safari\\frontend\\node_modules\\.bin\\react-scripts.cmd',
372 silly reify   'C:\\Users\\richa\\Downloads\\Jungle_safari (2)\\Jungle_safari\\frontend\\node_modules\\.bin\\react-scripts.ps1'
372 silly reify ]
373 silly reify mark retired [
373 silly reify   'C:\\Users\\richa\\Downloads\\Jungle_safari (2)\\Jungle_safari\\frontend\\node_modules\\rimraf',
373 silly reify   'C:\\Users\\richa\\Downloads\\Jungle_safari (2)\\Jungle_safari\\frontend\\node_modules\\.bin\\rimraf',
373 silly reify   'C:\\Users\\richa\\Downloads\\Jungle_safari (2)\\Jungle_safari\\frontend\\node_modules\\.bin\\rimraf.cmd',
373 silly reify   'C:\\Users\\richa\\Downloads\\Jungle_safari (2)\\Jungle_safari\\frontend\\node_modules\\.bin\\rimraf.ps1'
373 silly reify ]
374 silly reify mark retired [
374 silly reify   'C:\\Users\\richa\\Downloads\\Jungle_safari (2)\\Jungle_safari\\frontend\\node_modules\\svgo',
374 silly reify   'C:\\Users\\richa\\Downloads\\Jungle_safari (2)\\Jungle_safari\\frontend\\node_modules\\.bin\\svgo',
374 silly reify   'C:\\Users\\richa\\Downloads\\Jungle_safari (2)\\Jungle_safari\\frontend\\node_modules\\.bin\\svgo.cmd',
374 silly reify   'C:\\Users\\richa\\Downloads\\Jungle_safari (2)\\Jungle_safari\\frontend\\node_modules\\.bin\\svgo.ps1'
374 silly reify ]
375 silly reify mark retired [
375 silly reify   'C:\\Users\\richa\\Downloads\\Jungle_safari (2)\\Jungle_safari\\frontend\\node_modules\\tsconfig-paths\\node_modules\\json5',
375 silly reify   'C:\\Users\\richa\\Downloads\\Jungle_safari (2)\\Jungle_safari\\frontend\\node_modules\\tsconfig-paths\\node_modules\\.bin\\json5',
375 silly reify   'C:\\Users\\richa\\Downloads\\Jungle_safari (2)\\Jungle_safari\\frontend\\node_modules\\tsconfig-paths\\node_modules\\.bin\\json5.cmd',
375 silly reify   'C:\\Users\\richa\\Downloads\\Jungle_safari (2)\\Jungle_safari\\frontend\\node_modules\\tsconfig-paths\\node_modules\\.bin\\json5.ps1'
375 silly reify ]
376 silly reify mark retired [
376 silly reify   'C:\\Users\\richa\\Downloads\\Jungle_safari (2)\\Jungle_safari\\frontend\\node_modules\\typescript',
376 silly reify   'C:\\Users\\richa\\Downloads\\Jungle_safari (2)\\Jungle_safari\\frontend\\node_modules\\.bin\\tsc',
376 silly reify   'C:\\Users\\richa\\Downloads\\Jungle_safari (2)\\Jungle_safari\\frontend\\node_modules\\.bin\\tsc.cmd',
376 silly reify   'C:\\Users\\richa\\Downloads\\Jungle_safari (2)\\Jungle_safari\\frontend\\node_modules\\.bin\\tsc.ps1',
376 silly reify   'C:\\Users\\richa\\Downloads\\Jungle_safari (2)\\Jungle_safari\\frontend\\node_modules\\.bin\\tsserver',
376 silly reify   'C:\\Users\\richa\\Downloads\\Jungle_safari (2)\\Jungle_safari\\frontend\\node_modules\\.bin\\tsserver.cmd',
376 silly reify   'C:\\Users\\richa\\Downloads\\Jungle_safari (2)\\Jungle_safari\\frontend\\node_modules\\.bin\\tsserver.ps1'
376 silly reify ]
377 silly reify mark retired [
377 silly reify   'C:\\Users\\richa\\Downloads\\Jungle_safari (2)\\Jungle_safari\\frontend\\node_modules\\uuid',
377 silly reify   'C:\\Users\\richa\\Downloads\\Jungle_safari (2)\\Jungle_safari\\frontend\\node_modules\\.bin\\uuid',
377 silly reify   'C:\\Users\\richa\\Downloads\\Jungle_safari (2)\\Jungle_safari\\frontend\\node_modules\\.bin\\uuid.cmd',
377 silly reify   'C:\\Users\\richa\\Downloads\\Jungle_safari (2)\\Jungle_safari\\frontend\\node_modules\\.bin\\uuid.ps1'
377 silly reify ]
378 silly reify mark retired [
378 silly reify   'C:\\Users\\richa\\Downloads\\Jungle_safari (2)\\Jungle_safari\\frontend\\node_modules\\v8-to-istanbul\\node_modules\\source-map'
378 silly reify ]
379 silly reify mark retired [
379 silly reify   'C:\\Users\\richa\\Downloads\\Jungle_safari (2)\\Jungle_safari\\frontend\\node_modules\\webpack-dev-server',
379 silly reify   'C:\\Users\\richa\\Downloads\\Jungle_safari (2)\\Jungle_safari\\frontend\\node_modules\\.bin\\webpack-dev-server',
379 silly reify   'C:\\Users\\richa\\Downloads\\Jungle_safari (2)\\Jungle_safari\\frontend\\node_modules\\.bin\\webpack-dev-server.cmd',
379 silly reify   'C:\\Users\\richa\\Downloads\\Jungle_safari (2)\\Jungle_safari\\frontend\\node_modules\\.bin\\webpack-dev-server.ps1'
379 silly reify ]
380 silly reify mark retired [
380 silly reify   'C:\\Users\\richa\\Downloads\\Jungle_safari (2)\\Jungle_safari\\frontend\\node_modules\\which',
380 silly reify   'C:\\Users\\richa\\Downloads\\Jungle_safari (2)\\Jungle_safari\\frontend\\node_modules\\.bin\\node-which',
380 silly reify   'C:\\Users\\richa\\Downloads\\Jungle_safari (2)\\Jungle_safari\\frontend\\node_modules\\.bin\\node-which.cmd',
380 silly reify   'C:\\Users\\richa\\Downloads\\Jungle_safari (2)\\Jungle_safari\\frontend\\node_modules\\.bin\\node-which.ps1'
380 silly reify ]
381 silly reify mark retired [
381 silly reify   'C:\\Users\\richa\\Downloads\\Jungle_safari (2)\\Jungle_safari\\frontend\\node_modules\\workbox-build\\node_modules\\ajv'
381 silly reify ]
382 silly reify mark retired [
382 silly reify   'C:\\Users\\richa\\Downloads\\Jungle_safari (2)\\Jungle_safari\\frontend\\node_modules\\workbox-build\\node_modules\\@apideck\\better-ajv-errors'
382 silly reify ]
383 silly reify mark retired [
383 silly reify   'C:\\Users\\richa\\Downloads\\Jungle_safari (2)\\Jungle_safari\\frontend\\node_modules\\@eslint\\eslintrc\\node_modules\\js-yaml'
383 silly reify ]
384 silly reify moves {
384 silly reify   'C:\\Users\\richa\\Downloads\\Jungle_safari (2)\\Jungle_safari\\frontend\\node_modules\\acorn': 'C:\\Users\\richa\\Downloads\\Jungle_safari (2)\\Jungle_safari\\frontend\\node_modules\\.acorn-Bj40ilHX',
384 silly reify   'C:\\Users\\richa\\Downloads\\Jungle_safari (2)\\Jungle_safari\\frontend\\node_modules\\ajv': 'C:\\Users\\richa\\Downloads\\Jungle_safari (2)\\Jungle_safari\\frontend\\node_modules\\.ajv-B5er425S',
384 silly reify   'C:\\Users\\richa\\Downloads\\Jungle_safari (2)\\Jungle_safari\\frontend\\node_modules\\apexcharts': 'C:\\Users\\richa\\Downloads\\Jungle_safari (2)\\Jungle_safari\\frontend\\node_modules\\.apexcharts-KupuhZvD',
384 silly reify   'C:\\Users\\richa\\Downloads\\Jungle_safari (2)\\Jungle_safari\\frontend\\node_modules\\array-includes': 'C:\\Users\\richa\\Downloads\\Jungle_safari (2)\\Jungle_safari\\frontend\\node_modules\\.array-includes-zCIMV3l4',
384 silly reify   'C:\\Users\\richa\\Downloads\\Jungle_safari (2)\\Jungle_safari\\frontend\\node_modules\\autoprefixer': 'C:\\Users\\richa\\Downloads\\Jungle_safari (2)\\Jungle_safari\\frontend\\node_modules\\.autoprefixer-SZronhmd',
384 silly reify   'C:\\Users\\richa\\Downloads\\Jungle_safari (2)\\Jungle_safari\\frontend\\node_modules\\axe-core': 'C:\\Users\\richa\\Downloads\\Jungle_safari (2)\\Jungle_safari\\frontend\\node_modules\\.axe-core-9CxbnGyG',
384 silly reify   'C:\\Users\\richa\\Downloads\\Jungle_safari (2)\\Jungle_safari\\frontend\\node_modules\\axios': 'C:\\Users\\richa\\Downloads\\Jungle_safari (2)\\Jungle_safari\\frontend\\node_modules\\.axios-M7LiDdPn',
384 silly reify   'C:\\Users\\richa\\Downloads\\Jungle_safari (2)\\Jungle_safari\\frontend\\node_modules\\babel-plugin-polyfill-corejs2': 'C:\\Users\\richa\\Downloads\\Jungle_safari (2)\\Jungle_safari\\frontend\\node_modules\\.babel-plugin-polyfill-corejs2-CSWLd4p6',
384 silly reify   'C:\\Users\\richa\\Downloads\\Jungle_safari (2)\\Jungle_safari\\frontend\\node_modules\\babel-plugin-polyfill-regenerator': 'C:\\Users\\richa\\Downloads\\Jungle_safari (2)\\Jungle_safari\\frontend\\node_modules\\.babel-plugin-polyfill-regenerator-F1FLqebt',
384 silly reify   'C:\\Users\\richa\\Downloads\\Jungle_safari (2)\\Jungle_safari\\frontend\\node_modules\\babel-plugin-polyfill-corejs3': 'C:\\Users\\richa\\Downloads\\Jungle_safari (2)\\Jungle_safari\\frontend\\node_modules\\.babel-plugin-polyfill-corejs3-3gUA2YyW',
384 silly reify   'C:\\Users\\richa\\Downloads\\Jungle_safari (2)\\Jungle_safari\\frontend\\node_modules\\babel-preset-current-node-syntax': 'C:\\Users\\richa\\Downloads\\Jungle_safari (2)\\Jungle_safari\\frontend\\node_modules\\.babel-preset-current-node-syntax-CD6ECsHy',
384 silly reify   'C:\\Users\\richa\\Downloads\\Jungle_safari (2)\\Jungle_safari\\frontend\\node_modules\\body-parser': 'C:\\Users\\richa\\Downloads\\Jungle_safari (2)\\Jungle_safari\\frontend\\node_modules\\.body-parser-ynIROhRr',
384 silly reify   'C:\\Users\\richa\\Downloads\\Jungle_safari (2)\\Jungle_safari\\frontend\\node_modules\\bonjour-service': 'C:\\Users\\richa\\Downloads\\Jungle_safari (2)\\Jungle_safari\\frontend\\node_modules\\.bonjour-service-1ux54V9S',
384 silly reify   'C:\\Users\\richa\\Downloads\\Jungle_safari (2)\\Jungle_safari\\frontend\\node_modules\\brace-expansion': 'C:\\Users\\richa\\Downloads\\Jungle_safari (2)\\Jungle_safari\\frontend\\node_modules\\.brace-expansion-Nr45wEr2',
384 silly reify   'C:\\Users\\richa\\Downloads\\Jungle_safari (2)\\Jungle_safari\\frontend\\node_modules\\browserslist': 'C:\\Users\\richa\\Downloads\\Jungle_safari (2)\\Jungle_safari\\frontend\\node_modules\\.browserslist-o6AMjDtu',
384 silly reify   'C:\\Users\\richa\\Downloads\\Jungle_safari (2)\\Jungle_safari\\frontend\\node_modules\\call-bind': 'C:\\Users\\richa\\Downloads\\Jungle_safari (2)\\Jungle_safari\\frontend\\node_modules\\.call-bind-Pl1MYJ90',
384 silly reify   'C:\\Users\\richa\\Downloads\\Jungle_safari (2)\\Jungle_safari\\frontend\\node_modules\\caniuse-lite': 'C:\\Users\\richa\\Downloads\\Jungle_safari (2)\\Jungle_safari\\frontend\\node_modules\\.caniuse-lite-Z5axEswZ',
384 silly reify   'C:\\Users\\richa\\Downloads\\Jungle_safari (2)\\Jungle_safari\\frontend\\node_modules\\clsx': 'C:\\Users\\richa\\Downloads\\Jungle_safari (2)\\Jungle_safari\\frontend\\node_modules\\.clsx-Y5DMwjEo',
384 silly reify   'C:\\Users\\richa\\Downloads\\Jungle_safari (2)\\Jungle_safari\\frontend\\node_modules\\collect-v8-coverage': 'C:\\Users\\richa\\Downloads\\Jungle_safari (2)\\Jungle_safari\\frontend\\node_modules\\.collect-v8-coverage-4416E3Dt',
384 silly reify   'C:\\Users\\richa\\Downloads\\Jungle_safari (2)\\Jungle_safari\\frontend\\node_modules\\compression': 'C:\\Users\\richa\\Downloads\\Jungle_safari (2)\\Jungle_safari\\frontend\\node_modules\\.compression-YFjQs3Zg',
384 silly reify   'C:\\Users\\richa\\Downloads\\Jungle_safari (2)\\Jungle_safari\\frontend\\node_modules\\cookie': 'C:\\Users\\richa\\Downloads\\Jungle_safari (2)\\Jungle_safari\\frontend\\node_modules\\.cookie-Malmuyj3',
384 silly reify   'C:\\Users\\richa\\Downloads\\Jungle_safari (2)\\Jungle_safari\\frontend\\node_modules\\core-js': 'C:\\Users\\richa\\Downloads\\Jungle_safari (2)\\Jungle_safari\\frontend\\node_modules\\.core-js-lBYRAMqs',
384 silly reify   'C:\\Users\\richa\\Downloads\\Jungle_safari (2)\\Jungle_safari\\frontend\\node_modules\\core-js-compat': 'C:\\Users\\richa\\Downloads\\Jungle_safari (2)\\Jungle_safari\\frontend\\node_modules\\.core-js-compat-fDZg7KQK',
384 silly reify   'C:\\Users\\richa\\Downloads\\Jungle_safari (2)\\Jungle_safari\\frontend\\node_modules\\core-js-pure': 'C:\\Users\\richa\\Downloads\\Jungle_safari (2)\\Jungle_safari\\frontend\\node_modules\\.core-js-pure-q9we6pzw',
384 silly reify   'C:\\Users\\richa\\Downloads\\Jungle_safari (2)\\Jungle_safari\\frontend\\node_modules\\css-what': 'C:\\Users\\richa\\Downloads\\Jungle_safari (2)\\Jungle_safari\\frontend\\node_modules\\.css-what-7gg3zb1k',
384 silly reify   'C:\\Users\\richa\\Downloads\\Jungle_safari (2)\\Jungle_safari\\frontend\\node_modules\\csstype': 'C:\\Users\\richa\\Downloads\\Jungle_safari (2)\\Jungle_safari\\frontend\\node_modules\\.csstype-B2UFFfxs',
384 silly reify   'C:\\Users\\richa\\Downloads\\Jungle_safari (2)\\Jungle_safari\\frontend\\node_modules\\debug': 'C:\\Users\\richa\\Downloads\\Jungle_safari (2)\\Jungle_safari\\frontend\\node_modules\\.debug-COjlihfi',
384 silly reify   'C:\\Users\\richa\\Downloads\\Jungle_safari (2)\\Jungle_safari\\frontend\\node_modules\\date-fns': 'C:\\Users\\richa\\Downloads\\Jungle_safari (2)\\Jungle_safari\\frontend\\node_modules\\.date-fns-CsFKjPyh',
384 silly reify   'C:\\Users\\richa\\Downloads\\Jungle_safari (2)\\Jungle_safari\\frontend\\node_modules\\decimal.js': 'C:\\Users\\richa\\Downloads\\Jungle_safari (2)\\Jungle_safari\\frontend\\node_modules\\.decimal.js-SYevcXRh',
384 silly reify   'C:\\Users\\richa\\Downloads\\Jungle_safari (2)\\Jungle_safari\\frontend\\node_modules\\dom-helpers': 'C:\\Users\\richa\\Downloads\\Jungle_safari (2)\\Jungle_safari\\frontend\\node_modules\\.dom-helpers-3xCNwzA8',
384 silly reify   'C:\\Users\\richa\\Downloads\\Jungle_safari (2)\\Jungle_safari\\frontend\\node_modules\\electron-to-chromium': 'C:\\Users\\richa\\Downloads\\Jungle_safari (2)\\Jungle_safari\\frontend\\node_modules\\.electron-to-chromium-nR0C2bD8',
384 silly reify   'C:\\Users\\richa\\Downloads\\Jungle_safari (2)\\Jungle_safari\\frontend\\node_modules\\engine.io-parser': 'C:\\Users\\richa\\Downloads\\Jungle_safari (2)\\Jungle_safari\\frontend\\node_modules\\.engine.io-parser-a49sQ7qP',
384 silly reify   'C:\\Users\\richa\\Downloads\\Jungle_safari (2)\\Jungle_safari\\frontend\\node_modules\\engine.io-client': 'C:\\Users\\richa\\Downloads\\Jungle_safari (2)\\Jungle_safari\\frontend\\node_modules\\.engine.io-client-lOKp9G8Y',
384 silly reify   'C:\\Users\\richa\\Downloads\\Jungle_safari (2)\\Jungle_safari\\frontend\\node_modules\\enhanced-resolve': 'C:\\Users\\richa\\Downloads\\Jungle_safari (2)\\Jungle_safari\\frontend\\node_modules\\.enhanced-resolve-oMTNZ9Yi',
384 silly reify   'C:\\Users\\richa\\Downloads\\Jungle_safari (2)\\Jungle_safari\\frontend\\node_modules\\error-ex': 'C:\\Users\\richa\\Downloads\\Jungle_safari (2)\\Jungle_safari\\frontend\\node_modules\\.error-ex-ALVBorx6',
384 silly reify   'C:\\Users\\richa\\Downloads\\Jungle_safari (2)\\Jungle_safari\\frontend\\node_modules\\es-abstract': 'C:\\Users\\richa\\Downloads\\Jungle_safari (2)\\Jungle_safari\\frontend\\node_modules\\.es-abstract-KenkffiN',
384 silly reify   'C:\\Users\\richa\\Downloads\\Jungle_safari (2)\\Jungle_safari\\frontend\\node_modules\\es-iterator-helpers': 'C:\\Users\\richa\\Downloads\\Jungle_safari (2)\\Jungle_safari\\frontend\\node_modules\\.es-iterator-helpers-WNvp7mJg',
384 silly reify   'C:\\Users\\richa\\Downloads\\Jungle_safari (2)\\Jungle_safari\\frontend\\node_modules\\es-module-lexer': 'C:\\Users\\richa\\Downloads\\Jungle_safari (2)\\Jungle_safari\\frontend\\node_modules\\.es-module-lexer-PL2MB0Ul',
384 silly reify   'C:\\Users\\richa\\Downloads\\Jungle_safari (2)\\Jungle_safari\\frontend\\node_modules\\es-object-atoms': 'C:\\Users\\richa\\Downloads\\Jungle_safari (2)\\Jungle_safari\\frontend\\node_modules\\.es-object-atoms-OKvgPLV4',
384 silly reify   'C:\\Users\\richa\\Downloads\\Jungle_safari (2)\\Jungle_safari\\frontend\\node_modules\\eslint-import-resolver-node': 'C:\\Users\\richa\\Downloads\\Jungle_safari (2)\\Jungle_safari\\frontend\\node_modules\\.eslint-import-resolver-node-EJ5eoWe3',
384 silly reify   'C:\\Users\\richa\\Downloads\\Jungle_safari (2)\\Jungle_safari\\frontend\\node_modules\\eslint-module-utils': 'C:\\Users\\richa\\Downloads\\Jungle_safari (2)\\Jungle_safari\\frontend\\node_modules\\.eslint-module-utils-nJTuxoId',
384 silly reify   'C:\\Users\\richa\\Downloads\\Jungle_safari (2)\\Jungle_safari\\frontend\\node_modules\\eslint-plugin-import': 'C:\\Users\\richa\\Downloads\\Jungle_safari (2)\\Jungle_safari\\frontend\\node_modules\\.eslint-plugin-import-1vwCFOAu',
384 silly reify   'C:\\Users\\richa\\Downloads\\Jungle_safari (2)\\Jungle_safari\\frontend\\node_modules\\eslint-plugin-react': 'C:\\Users\\richa\\Downloads\\Jungle_safari (2)\\Jungle_safari\\frontend\\node_modules\\.eslint-plugin-react-pqU7a8od',
384 silly reify   'C:\\Users\\richa\\Downloads\\Jungle_safari (2)\\Jungle_safari\\frontend\\node_modules\\esquery': 'C:\\Users\\richa\\Downloads\\Jungle_safari (2)\\Jungle_safari\\frontend\\node_modules\\.esquery-7Vpu3EnZ',
384 silly reify   'C:\\Users\\richa\\Downloads\\Jungle_safari (2)\\Jungle_safari\\frontend\\node_modules\\express': 'C:\\Users\\richa\\Downloads\\Jungle_safari (2)\\Jungle_safari\\frontend\\node_modules\\.express-j1acdcOQ',
384 silly reify   'C:\\Users\\richa\\Downloads\\Jungle_safari (2)\\Jungle_safari\\frontend\\node_modules\\fast-uri': 'C:\\Users\\richa\\Downloads\\Jungle_safari (2)\\Jungle_safari\\frontend\\node_modules\\.fast-uri-pTeU8cMl',
384 silly reify   'C:\\Users\\richa\\Downloads\\Jungle_safari (2)\\Jungle_safari\\frontend\\node_modules\\fastq': 'C:\\Users\\richa\\Downloads\\Jungle_safari (2)\\Jungle_safari\\frontend\\node_modules\\.fastq-niGf8GaO',
384 silly reify   'C:\\Users\\richa\\Downloads\\Jungle_safari (2)\\Jungle_safari\\frontend\\node_modules\\filelist': 'C:\\Users\\richa\\Downloads\\Jungle_safari (2)\\Jungle_safari\\frontend\\node_modules\\.filelist-sGdUzvQe',
384 silly reify   'C:\\Users\\richa\\Downloads\\Jungle_safari (2)\\Jungle_safari\\frontend\\node_modules\\finalhandler': 'C:\\Users\\richa\\Downloads\\Jungle_safari (2)\\Jungle_safari\\frontend\\node_modules\\.finalhandler-WqfbwjO5',
384 silly reify   'C:\\Users\\richa\\Downloads\\Jungle_safari (2)\\Jungle_safari\\frontend\\node_modules\\find-root': 'C:\\Users\\richa\\Downloads\\Jungle_safari (2)\\Jungle_safari\\frontend\\node_modules\\.find-root-t2HrgrIe',
384 silly reify   'C:\\Users\\richa\\Downloads\\Jungle_safari (2)\\Jungle_safari\\frontend\\node_modules\\flatted': 'C:\\Users\\richa\\Downloads\\Jungle_safari (2)\\Jungle_safari\\frontend\\node_modules\\.flatted-wKroBlHK',
384 silly reify   'C:\\Users\\richa\\Downloads\\Jungle_safari (2)\\Jungle_safari\\frontend\\node_modules\\follow-redirects': 'C:\\Users\\richa\\Downloads\\Jungle_safari (2)\\Jungle_safari\\frontend\\node_modules\\.follow-redirects-7RonvvIA',
384 silly reify   'C:\\Users\\richa\\Downloads\\Jungle_safari (2)\\Jungle_safari\\frontend\\node_modules\\foreground-child': 'C:\\Users\\richa\\Downloads\\Jungle_safari (2)\\Jungle_safari\\frontend\\node_modules\\.foreground-child-7pfel58i',
384 silly reify   'C:\\Users\\richa\\Downloads\\Jungle_safari (2)\\Jungle_safari\\frontend\\node_modules\\form-data': 'C:\\Users\\richa\\Downloads\\Jungle_safari (2)\\Jungle_safari\\frontend\\node_modules\\.form-data-j6Sau4tk',
384 silly reify   'C:\\Users\\richa\\Downloads\\Jungle_safari (2)\\Jungle_safari\\frontend\\node_modules\\fraction.js': 'C:\\Users\\richa\\Downloads\\Jungle_safari (2)\\Jungle_safari\\frontend\\node_modules\\.fraction.js-g0es5trV',
384 silly reify   'C:\\Users\\richa\\Downloads\\Jungle_safari (2)\\Jungle_safari\\frontend\\node_modules\\framer-motion': 'C:\\Users\\richa\\Downloads\\Jungle_safari (2)\\Jungle_safari\\frontend\\node_modules\\.framer-motion-rgKqmltj',
384 silly reify   'C:\\Users\\richa\\Downloads\\Jungle_safari (2)\\Jungle_safari\\frontend\\node_modules\\fs-monkey': 'C:\\Users\\richa\\Downloads\\Jungle_safari (2)\\Jungle_safari\\frontend\\node_modules\\.fs-monkey-Ww2q3enU',
384 silly reify   'C:\\Users\\richa\\Downloads\\Jungle_safari (2)\\Jungle_safari\\frontend\\node_modules\\fsevents': 'C:\\Users\\richa\\Downloads\\Jungle_safari (2)\\Jungle_safari\\frontend\\node_modules\\.fsevents-h0PbdvJF',
384 silly reify   'C:\\Users\\richa\\Downloads\\Jungle_safari (2)\\Jungle_safari\\frontend\\node_modules\\globals': 'C:\\Users\\richa\\Downloads\\Jungle_safari (2)\\Jungle_safari\\frontend\\node_modules\\.globals-g6Ld8jRV',
384 silly reify   'C:\\Users\\richa\\Downloads\\Jungle_safari (2)\\Jungle_safari\\frontend\\node_modules\\hasown': 'C:\\Users\\richa\\Downloads\\Jungle_safari (2)\\Jungle_safari\\frontend\\node_modules\\.hasown-y36ZqtsA',
384 silly reify   'C:\\Users\\richa\\Downloads\\Jungle_safari (2)\\Jungle_safari\\frontend\\node_modules\\hoist-non-react-statics': 'C:\\Users\\richa\\Downloads\\Jungle_safari (2)\\Jungle_safari\\frontend\\node_modules\\.hoist-non-react-statics-HNn23cyD',
384 silly reify   'C:\\Users\\richa\\Downloads\\Jungle_safari (2)\\Jungle_safari\\frontend\\node_modules\\html-entities': 'C:\\Users\\richa\\Downloads\\Jungle_safari (2)\\Jungle_safari\\frontend\\node_modules\\.html-entities-zj7aBPTv',
384 silly reify   'C:\\Users\\richa\\Downloads\\Jungle_safari (2)\\Jungle_safari\\frontend\\node_modules\\html-webpack-plugin': 'C:\\Users\\richa\\Downloads\\Jungle_safari (2)\\Jungle_safari\\frontend\\node_modules\\.html-webpack-plugin-z31JyWlu',
384 silly reify   'C:\\Users\\richa\\Downloads\\Jungle_safari (2)\\Jungle_safari\\frontend\\node_modules\\http-parser-js': 'C:\\Users\\richa\\Downloads\\Jungle_safari (2)\\Jungle_safari\\frontend\\node_modules\\.http-parser-js-91MnTOqB',
384 silly reify   'C:\\Users\\richa\\Downloads\\Jungle_safari (2)\\Jungle_safari\\frontend\\node_modules\\http-proxy-middleware': 'C:\\Users\\richa\\Downloads\\Jungle_safari (2)\\Jungle_safari\\frontend\\node_modules\\.http-proxy-middleware-AbECFjt8',
384 silly reify   'C:\\Users\\richa\\Downloads\\Jungle_safari (2)\\Jungle_safari\\frontend\\node_modules\\ipaddr.js': 'C:\\Users\\richa\\Downloads\\Jungle_safari (2)\\Jungle_safari\\frontend\\node_modules\\.ipaddr.js-oUAgE1lN',
384 silly reify   'C:\\Users\\richa\\Downloads\\Jungle_safari (2)\\Jungle_safari\\frontend\\node_modules\\is-core-module': 'C:\\Users\\richa\\Downloads\\Jungle_safari (2)\\Jungle_safari\\frontend\\node_modules\\.is-core-module-DmDDnlml',
384 silly reify   'C:\\Users\\richa\\Downloads\\Jungle_safari (2)\\Jungle_safari\\frontend\\node_modules\\is-generator-function': 'C:\\Users\\richa\\Downloads\\Jungle_safari (2)\\Jungle_safari\\frontend\\node_modules\\.is-generator-function-be8QpVcO',
384 silly reify   'C:\\Users\\richa\\Downloads\\Jungle_safari (2)\\Jungle_safari\\frontend\\node_modules\\istanbul-reports': 'C:\\Users\\richa\\Downloads\\Jungle_safari (2)\\Jungle_safari\\frontend\\node_modules\\.istanbul-reports-c7mva5Mt',
384 silly reify   'C:\\Users\\richa\\Downloads\\Jungle_safari (2)\\Jungle_safari\\frontend\\node_modules\\jake': 'C:\\Users\\richa\\Downloads\\Jungle_safari (2)\\Jungle_safari\\frontend\\node_modules\\.jake-LIfCgGqS',
384 silly reify   'C:\\Users\\richa\\Downloads\\Jungle_safari (2)\\Jungle_safari\\frontend\\node_modules\\jackspeak': 'C:\\Users\\richa\\Downloads\\Jungle_safari (2)\\Jungle_safari\\frontend\\node_modules\\.jackspeak-gxzl7cGo',
384 silly reify   'C:\\Users\\richa\\Downloads\\Jungle_safari (2)\\Jungle_safari\\frontend\\node_modules\\js-yaml': 'C:\\Users\\richa\\Downloads\\Jungle_safari (2)\\Jungle_safari\\frontend\\node_modules\\.js-yaml-97blPkYJ',
384 silly reify   'C:\\Users\\richa\\Downloads\\Jungle_safari (2)\\Jungle_safari\\frontend\\node_modules\\json-schema': 'C:\\Users\\richa\\Downloads\\Jungle_safari (2)\\Jungle_safari\\frontend\\node_modules\\.json-schema-nCUIus08',
384 silly reify   'C:\\Users\\richa\\Downloads\\Jungle_safari (2)\\Jungle_safari\\frontend\\node_modules\\jsonfile': 'C:\\Users\\richa\\Downloads\\Jungle_safari (2)\\Jungle_safari\\frontend\\node_modules\\.jsonfile-p98Q8z8z',
384 silly reify   'C:\\Users\\richa\\Downloads\\Jungle_safari (2)\\Jungle_safari\\frontend\\node_modules\\jsonpath': 'C:\\Users\\richa\\Downloads\\Jungle_safari (2)\\Jungle_safari\\frontend\\node_modules\\.jsonpath-4HK4hSHJ',
384 silly reify   'C:\\Users\\richa\\Downloads\\Jungle_safari (2)\\Jungle_safari\\frontend\\node_modules\\launch-editor': 'C:\\Users\\richa\\Downloads\\Jungle_safari (2)\\Jungle_safari\\frontend\\node_modules\\.launch-editor-ZYGCREGA',
384 silly reify   'C:\\Users\\richa\\Downloads\\Jungle_safari (2)\\Jungle_safari\\frontend\\node_modules\\loader-runner': 'C:\\Users\\richa\\Downloads\\Jungle_safari (2)\\Jungle_safari\\frontend\\node_modules\\.loader-runner-xuV5Fe1v',
384 silly reify   'C:\\Users\\richa\\Downloads\\Jungle_safari (2)\\Jungle_safari\\frontend\\node_modules\\lodash': 'C:\\Users\\richa\\Downloads\\Jungle_safari (2)\\Jungle_safari\\frontend\\node_modules\\.lodash-tC6S4ecl',
384 silly reify   'C:\\Users\\richa\\Downloads\\Jungle_safari (2)\\Jungle_safari\\frontend\\node_modules\\mini-css-extract-plugin': 'C:\\Users\\richa\\Downloads\\Jungle_safari (2)\\Jungle_safari\\frontend\\node_modules\\.mini-css-extract-plugin-EwOVM0Cp',
384 silly reify   'C:\\Users\\richa\\Downloads\\Jungle_safari (2)\\Jungle_safari\\frontend\\node_modules\\minimatch': 'C:\\Users\\richa\\Downloads\\Jungle_safari (2)\\Jungle_safari\\frontend\\node_modules\\.minimatch-X357Rxrm',
384 silly reify   'C:\\Users\\richa\\Downloads\\Jungle_safari (2)\\Jungle_safari\\frontend\\node_modules\\minipass': 'C:\\Users\\richa\\Downloads\\Jungle_safari (2)\\Jungle_safari\\frontend\\node_modules\\.minipass-cIkfTiQk',
384 silly reify   'C:\\Users\\richa\\Downloads\\Jungle_safari (2)\\Jungle_safari\\frontend\\node_modules\\motion-dom': 'C:\\Users\\richa\\Downloads\\Jungle_safari (2)\\Jungle_safari\\frontend\\node_modules\\.motion-dom-qXBMyi3P',
384 silly reify   'C:\\Users\\richa\\Downloads\\Jungle_safari (2)\\Jungle_safari\\frontend\\node_modules\\motion-utils': 'C:\\Users\\richa\\Downloads\\Jungle_safari (2)\\Jungle_safari\\frontend\\node_modules\\.motion-utils-cMUShUew',
384 silly reify   'C:\\Users\\richa\\Downloads\\Jungle_safari (2)\\Jungle_safari\\frontend\\node_modules\\nanoid': 'C:\\Users\\richa\\Downloads\\Jungle_safari (2)\\Jungle_safari\\frontend\\node_modules\\.nanoid-yGJtH6n1',
384 silly reify   'C:\\Users\\richa\\Downloads\\Jungle_safari (2)\\Jungle_safari\\frontend\\node_modules\\node-forge': 'C:\\Users\\richa\\Downloads\\Jungle_safari (2)\\Jungle_safari\\frontend\\node_modules\\.node-forge-2W2NBRB1',
384 silly reify   'C:\\Users\\richa\\Downloads\\Jungle_safari (2)\\Jungle_safari\\frontend\\node_modules\\node-releases': 'C:\\Users\\richa\\Downloads\\Jungle_safari (2)\\Jungle_safari\\frontend\\node_modules\\.node-releases-MnZiGGBb',
384 silly reify   'C:\\Users\\richa\\Downloads\\Jungle_safari (2)\\Jungle_safari\\frontend\\node_modules\\normalize-range': 'C:\\Users\\richa\\Downloads\\Jungle_safari (2)\\Jungle_safari\\frontend\\node_modules\\.normalize-range-TVqa7M9H',
384 silly reify   'C:\\Users\\richa\\Downloads\\Jungle_safari (2)\\Jungle_safari\\frontend\\node_modules\\nwsapi': 'C:\\Users\\richa\\Downloads\\Jungle_safari (2)\\Jungle_safari\\frontend\\node_modules\\.nwsapi-0xh9b2qp',
384 silly reify   'C:\\Users\\richa\\Downloads\\Jungle_safari (2)\\Jungle_safari\\frontend\\node_modules\\object.getownpropertydescriptors': 'C:\\Users\\richa\\Downloads\\Jungle_safari (2)\\Jungle_safari\\frontend\\node_modules\\.object.getownpropertydescriptors-tGMDqTON',
384 silly reify   'C:\\Users\\richa\\Downloads\\Jungle_safari (2)\\Jungle_safari\\frontend\\node_modules\\on-headers': 'C:\\Users\\richa\\Downloads\\Jungle_safari (2)\\Jungle_safari\\frontend\\node_modules\\.on-headers-akDRdIF5',
384 silly reify   'C:\\Users\\richa\\Downloads\\Jungle_safari (2)\\Jungle_safari\\frontend\\node_modules\\package-json-from-dist': 'C:\\Users\\richa\\Downloads\\Jungle_safari (2)\\Jungle_safari\\frontend\\node_modules\\.package-json-from-dist-Nmi3Ba2j',
384 silly reify   'C:\\Users\\richa\\Downloads\\Jungle_safari (2)\\Jungle_safari\\frontend\\node_modules\\path-to-regexp': 'C:\\Users\\richa\\Downloads\\Jungle_safari (2)\\Jungle_safari\\frontend\\node_modules\\.path-to-regexp-CWzt0diY',
384 silly reify   'C:\\Users\\richa\\Downloads\\Jungle_safari (2)\\Jungle_safari\\frontend\\node_modules\\path-scurry': 'C:\\Users\\richa\\Downloads\\Jungle_safari (2)\\Jungle_safari\\frontend\\node_modules\\.path-scurry-Qyqo4Htn',
384 silly reify   'C:\\Users\\richa\\Downloads\\Jungle_safari (2)\\Jungle_safari\\frontend\\node_modules\\picomatch': 'C:\\Users\\richa\\Downloads\\Jungle_safari (2)\\Jungle_safari\\frontend\\node_modules\\.picomatch-64n8V39c',
384 silly reify   'C:\\Users\\richa\\Downloads\\Jungle_safari (2)\\Jungle_safari\\frontend\\node_modules\\pirates': 'C:\\Users\\richa\\Downloads\\Jungle_safari (2)\\Jungle_safari\\frontend\\node_modules\\.pirates-IrGZE533',
384 silly reify   'C:\\Users\\richa\\Downloads\\Jungle_safari (2)\\Jungle_safari\\frontend\\node_modules\\postcss': 'C:\\Users\\richa\\Downloads\\Jungle_safari (2)\\Jungle_safari\\frontend\\node_modules\\.postcss-5VptFIzV',
384 silly reify   'C:\\Users\\richa\\Downloads\\Jungle_safari (2)\\Jungle_safari\\frontend\\node_modules\\postcss-js': 'C:\\Users\\richa\\Downloads\\Jungle_safari (2)\\Jungle_safari\\frontend\\node_modules\\.postcss-js-k3COxrSi',
384 silly reify   'C:\\Users\\richa\\Downloads\\Jungle_safari (2)\\Jungle_safari\\frontend\\node_modules\\postcss-load-config': 'C:\\Users\\richa\\Downloads\\Jungle_safari (2)\\Jungle_safari\\frontend\\node_modules\\.postcss-load-config-QHqCckNZ',
384 silly reify   'C:\\Users\\richa\\Downloads\\Jungle_safari (2)\\Jungle_safari\\frontend\\node_modules\\proxy-from-env': 'C:\\Users\\richa\\Downloads\\Jungle_safari (2)\\Jungle_safari\\frontend\\node_modules\\.proxy-from-env-DhCvTSid',
384 silly reify   'C:\\Users\\richa\\Downloads\\Jungle_safari (2)\\Jungle_safari\\frontend\\node_modules\\qs': 'C:\\Users\\richa\\Downloads\\Jungle_safari (2)\\Jungle_safari\\frontend\\node_modules\\.qs-xP6hCsln',
384 silly reify   'C:\\Users\\richa\\Downloads\\Jungle_safari (2)\\Jungle_safari\\frontend\\node_modules\\raw-body': 'C:\\Users\\richa\\Downloads\\Jungle_safari (2)\\Jungle_safari\\frontend\\node_modules\\.raw-body-kjH6tdnO',
384 silly reify   'C:\\Users\\richa\\Downloads\\Jungle_safari (2)\\Jungle_safari\\frontend\\node_modules\\react': 'C:\\Users\\richa\\Downloads\\Jungle_safari (2)\\Jungle_safari\\frontend\\node_modules\\.react-xKBcoblP',
384 silly reify   'C:\\Users\\richa\\Downloads\\Jungle_safari (2)\\Jungle_safari\\frontend\\node_modules\\react-apexcharts': 'C:\\Users\\richa\\Downloads\\Jungle_safari (2)\\Jungle_safari\\frontend\\node_modules\\.react-apexcharts-MKOrR4xv',
384 silly reify   'C:\\Users\\richa\\Downloads\\Jungle_safari (2)\\Jungle_safari\\frontend\\node_modules\\react-dom': 'C:\\Users\\richa\\Downloads\\Jungle_safari (2)\\Jungle_safari\\frontend\\node_modules\\.react-dom-udYeWYja',
384 silly reify   'C:\\Users\\richa\\Downloads\\Jungle_safari (2)\\Jungle_safari\\frontend\\node_modules\\react-is': 'C:\\Users\\richa\\Downloads\\Jungle_safari (2)\\Jungle_safari\\frontend\\node_modules\\.react-is-srTNBVF3',
384 silly reify   'C:\\Users\\richa\\Downloads\\Jungle_safari (2)\\Jungle_safari\\frontend\\node_modules\\react-router': 'C:\\Users\\richa\\Downloads\\Jungle_safari (2)\\Jungle_safari\\frontend\\node_modules\\.react-router-rCUjzAqG',
384 silly reify   'C:\\Users\\richa\\Downloads\\Jungle_safari (2)\\Jungle_safari\\frontend\\node_modules\\react-router-dom': 'C:\\Users\\richa\\Downloads\\Jungle_safari (2)\\Jungle_safari\\frontend\\node_modules\\.react-router-dom-YBGZcf42',
384 silly reify   'C:\\Users\\richa\\Downloads\\Jungle_safari (2)\\Jungle_safari\\frontend\\node_modules\\react-transition-group': 'C:\\Users\\richa\\Downloads\\Jungle_safari (2)\\Jungle_safari\\frontend\\node_modules\\.react-transition-group-P0bqhfO0',
384 silly reify   'C:\\Users\\richa\\Downloads\\Jungle_safari (2)\\Jungle_safari\\frontend\\node_modules\\regenerate-unicode-properties': 'C:\\Users\\richa\\Downloads\\Jungle_safari (2)\\Jungle_safari\\frontend\\node_modules\\.regenerate-unicode-properties-3kmucUsR',
384 silly reify   'C:\\Users\\richa\\Downloads\\Jungle_safari (2)\\Jungle_safari\\frontend\\node_modules\\regenerator-runtime': 'C:\\Users\\richa\\Downloads\\Jungle_safari (2)\\Jungle_safari\\frontend\\node_modules\\.regenerator-runtime-2pcfN3C6',
384 silly reify   'C:\\Users\\richa\\Downloads\\Jungle_safari (2)\\Jungle_safari\\frontend\\node_modules\\regenerator-transform': 'C:\\Users\\richa\\Downloads\\Jungle_safari (2)\\Jungle_safari\\frontend\\node_modules\\.regenerator-transform-MpbJXTnV',
384 silly reify   'C:\\Users\\richa\\Downloads\\Jungle_safari (2)\\Jungle_safari\\frontend\\node_modules\\regexpu-core': 'C:\\Users\\richa\\Downloads\\Jungle_safari (2)\\Jungle_safari\\frontend\\node_modules\\.regexpu-core-fPJX49cl',
384 silly reify   'C:\\Users\\richa\\Downloads\\Jungle_safari (2)\\Jungle_safari\\frontend\\node_modules\\regjsparser': 'C:\\Users\\richa\\Downloads\\Jungle_safari (2)\\Jungle_safari\\frontend\\node_modules\\.regjsparser-0oTK4viA',
384 silly reify   'C:\\Users\\richa\\Downloads\\Jungle_safari (2)\\Jungle_safari\\frontend\\node_modules\\resolve': 'C:\\Users\\richa\\Downloads\\Jungle_safari (2)\\Jungle_safari\\frontend\\node_modules\\.resolve-Kdc2QZjh',
384 silly reify   'C:\\Users\\richa\\Downloads\\Jungle_safari (2)\\Jungle_safari\\frontend\\node_modules\\rollup': 'C:\\Users\\richa\\Downloads\\Jungle_safari (2)\\Jungle_safari\\frontend\\node_modules\\.rollup-cNbKrZaK',
384 silly reify   'C:\\Users\\richa\\Downloads\\Jungle_safari (2)\\Jungle_safari\\frontend\\node_modules\\safe-array-concat': 'C:\\Users\\richa\\Downloads\\Jungle_safari (2)\\Jungle_safari\\frontend\\node_modules\\.safe-array-concat-z2Fd60TE',
384 silly reify   'C:\\Users\\richa\\Downloads\\Jungle_safari (2)\\Jungle_safari\\frontend\\node_modules\\schema-utils': 'C:\\Users\\richa\\Downloads\\Jungle_safari (2)\\Jungle_safari\\frontend\\node_modules\\.schema-utils-rjrhzc64',
384 silly reify   'C:\\Users\\richa\\Downloads\\Jungle_safari (2)\\Jungle_safari\\frontend\\node_modules\\semver': 'C:\\Users\\richa\\Downloads\\Jungle_safari (2)\\Jungle_safari\\frontend\\node_modules\\.semver-KIzmvgHo',
384 silly reify   'C:\\Users\\richa\\Downloads\\Jungle_safari (2)\\Jungle_safari\\frontend\\node_modules\\send': 'C:\\Users\\richa\\Downloads\\Jungle_safari (2)\\Jungle_safari\\frontend\\node_modules\\.send-E8QAURKo',
384 silly reify   'C:\\Users\\richa\\Downloads\\Jungle_safari (2)\\Jungle_safari\\frontend\\node_modules\\serve-index': 'C:\\Users\\richa\\Downloads\\Jungle_safari (2)\\Jungle_safari\\frontend\\node_modules\\.serve-index-O0ivOUAZ',
384 silly reify   'C:\\Users\\richa\\Downloads\\Jungle_safari (2)\\Jungle_safari\\frontend\\node_modules\\serve-static': 'C:\\Users\\richa\\Downloads\\Jungle_safari (2)\\Jungle_safari\\frontend\\node_modules\\.serve-static-rhemVpnC',
384 silly reify   'C:\\Users\\richa\\Downloads\\Jungle_safari (2)\\Jungle_safari\\frontend\\node_modules\\shell-quote': 'C:\\Users\\richa\\Downloads\\Jungle_safari (2)\\Jungle_safari\\frontend\\node_modules\\.shell-quote-LjQ4sybm',
384 silly reify   'C:\\Users\\richa\\Downloads\\Jungle_safari (2)\\Jungle_safari\\frontend\\node_modules\\side-channel': 'C:\\Users\\richa\\Downloads\\Jungle_safari (2)\\Jungle_safari\\frontend\\node_modules\\.side-channel-qrCewA83',
384 silly reify   'C:\\Users\\richa\\Downloads\\Jungle_safari (2)\\Jungle_safari\\frontend\\node_modules\\side-channel-list': 'C:\\Users\\richa\\Downloads\\Jungle_safari (2)\\Jungle_safari\\frontend\\node_modules\\.side-channel-list-Qx3x7GrJ',
384 silly reify   'C:\\Users\\richa\\Downloads\\Jungle_safari (2)\\Jungle_safari\\frontend\\node_modules\\socket.io-parser': 'C:\\Users\\richa\\Downloads\\Jungle_safari (2)\\Jungle_safari\\frontend\\node_modules\\.socket.io-parser-myX4dPbc',
384 silly reify   'C:\\Users\\richa\\Downloads\\Jungle_safari (2)\\Jungle_safari\\frontend\\node_modules\\socket.io-client': 'C:\\Users\\richa\\Downloads\\Jungle_safari (2)\\Jungle_safari\\frontend\\node_modules\\.socket.io-client-2UZIqlLB',
384 silly reify   'C:\\Users\\richa\\Downloads\\Jungle_safari (2)\\Jungle_safari\\frontend\\node_modules\\source-map': 'C:\\Users\\richa\\Downloads\\Jungle_safari (2)\\Jungle_safari\\frontend\\node_modules\\.source-map-Rjekbema',
384 silly reify   'C:\\Users\\richa\\Downloads\\Jungle_safari (2)\\Jungle_safari\\frontend\\node_modules\\static-eval': 'C:\\Users\\richa\\Downloads\\Jungle_safari (2)\\Jungle_safari\\frontend\\node_modules\\.static-eval-jdnB1non',
384 silly reify   'C:\\Users\\richa\\Downloads\\Jungle_safari (2)\\Jungle_safari\\frontend\\node_modules\\string.prototype.trimend': 'C:\\Users\\richa\\Downloads\\Jungle_safari (2)\\Jungle_safari\\frontend\\node_modules\\.string.prototype.trimend-sfWpkWLT',
384 silly reify   'C:\\Users\\richa\\Downloads\\Jungle_safari (2)\\Jungle_safari\\frontend\\node_modules\\string.prototype.trim': 'C:\\Users\\richa\\Downloads\\Jungle_safari (2)\\Jungle_safari\\frontend\\node_modules\\.string.prototype.trim-WkFh8g8K',
384 silly reify   'C:\\Users\\richa\\Downloads\\Jungle_safari (2)\\Jungle_safari\\frontend\\node_modules\\stylis': 'C:\\Users\\richa\\Downloads\\Jungle_safari (2)\\Jungle_safari\\frontend\\node_modules\\.stylis-GIgElt9w',
384 silly reify   'C:\\Users\\richa\\Downloads\\Jungle_safari (2)\\Jungle_safari\\frontend\\node_modules\\sucrase': 'C:\\Users\\richa\\Downloads\\Jungle_safari (2)\\Jungle_safari\\frontend\\node_modules\\.sucrase-3BTiVL97',
384 silly reify   'C:\\Users\\richa\\Downloads\\Jungle_safari (2)\\Jungle_safari\\frontend\\node_modules\\tailwindcss': 'C:\\Users\\richa\\Downloads\\Jungle_safari (2)\\Jungle_safari\\frontend\\node_modules\\.tailwindcss-vs2ZTTlg',
384 silly reify   'C:\\Users\\richa\\Downloads\\Jungle_safari (2)\\Jungle_safari\\frontend\\node_modules\\tapable': 'C:\\Users\\richa\\Downloads\\Jungle_safari (2)\\Jungle_safari\\frontend\\node_modules\\.tapable-J1MRMW5P',
384 silly reify   'C:\\Users\\richa\\Downloads\\Jungle_safari (2)\\Jungle_safari\\frontend\\node_modules\\terser': 'C:\\Users\\richa\\Downloads\\Jungle_safari (2)\\Jungle_safari\\frontend\\node_modules\\.terser-bITBZdCo',
384 silly reify   'C:\\Users\\richa\\Downloads\\Jungle_safari (2)\\Jungle_safari\\frontend\\node_modules\\terser-webpack-plugin': 'C:\\Users\\richa\\Downloads\\Jungle_safari (2)\\Jungle_safari\\frontend\\node_modules\\.terser-webpack-plugin-8MnwJ30H',
384 silly reify   'C:\\Users\\richa\\Downloads\\Jungle_safari (2)\\Jungle_safari\\frontend\\node_modules\\typed-array-length': 'C:\\Users\\richa\\Downloads\\Jungle_safari (2)\\Jungle_safari\\frontend\\node_modules\\.typed-array-length-9t2EckGD',
384 silly reify   'C:\\Users\\richa\\Downloads\\Jungle_safari (2)\\Jungle_safari\\frontend\\node_modules\\underscore': 'C:\\Users\\richa\\Downloads\\Jungle_safari (2)\\Jungle_safari\\frontend\\node_modules\\.underscore-907rmYrx',
384 silly reify   'C:\\Users\\richa\\Downloads\\Jungle_safari (2)\\Jungle_safari\\frontend\\node_modules\\undici-types': 'C:\\Users\\richa\\Downloads\\Jungle_safari (2)\\Jungle_safari\\frontend\\node_modules\\.undici-types-kzlwopOo',
384 silly reify   'C:\\Users\\richa\\Downloads\\Jungle_safari (2)\\Jungle_safari\\frontend\\node_modules\\unicode-match-property-value-ecmascript': 'C:\\Users\\richa\\Downloads\\Jungle_safari (2)\\Jungle_safari\\frontend\\node_modules\\.unicode-match-property-value-ecmascript-gS8DVJCD',
384 silly reify   'C:\\Users\\richa\\Downloads\\Jungle_safari (2)\\Jungle_safari\\frontend\\node_modules\\unicode-property-aliases-ecmascript': 'C:\\Users\\richa\\Downloads\\Jungle_safari (2)\\Jungle_safari\\frontend\\node_modules\\.unicode-property-aliases-ecmascript-DK0P3D8e',
384 silly reify   'C:\\Users\\richa\\Downloads\\Jungle_safari (2)\\Jungle_safari\\frontend\\node_modules\\update-browserslist-db': 'C:\\Users\\richa\\Downloads\\Jungle_safari (2)\\Jungle_safari\\frontend\\node_modules\\.update-browserslist-db-SwlnKVaI',
384 silly reify   'C:\\Users\\richa\\Downloads\\Jungle_safari (2)\\Jungle_safari\\frontend\\node_modules\\watchpack': 'C:\\Users\\richa\\Downloads\\Jungle_safari (2)\\Jungle_safari\\frontend\\node_modules\\.watchpack-06RiGvif',
384 silly reify   'C:\\Users\\richa\\Downloads\\Jungle_safari (2)\\Jungle_safari\\frontend\\node_modules\\webpack': 'C:\\Users\\richa\\Downloads\\Jungle_safari (2)\\Jungle_safari\\frontend\\node_modules\\.webpack-WdpIez89',
384 silly reify   'C:\\Users\\richa\\Downloads\\Jungle_safari (2)\\Jungle_safari\\frontend\\node_modules\\webpack-sources': 'C:\\Users\\richa\\Downloads\\Jungle_safari (2)\\Jungle_safari\\frontend\\node_modules\\.webpack-sources-Hg3pDIux',
384 silly reify   'C:\\Users\\richa\\Downloads\\Jungle_safari (2)\\Jungle_safari\\frontend\\node_modules\\websocket-driver': 'C:\\Users\\richa\\Downloads\\Jungle_safari (2)\\Jungle_safari\\frontend\\node_modules\\.websocket-driver-cAdZ81NF',
384 silly reify   'C:\\Users\\richa\\Downloads\\Jungle_safari (2)\\Jungle_safari\\frontend\\node_modules\\which-typed-array': 'C:\\Users\\richa\\Downloads\\Jungle_safari (2)\\Jungle_safari\\frontend\\node_modules\\.which-typed-array-795eDp4K',
384 silly reify   'C:\\Users\\richa\\Downloads\\Jungle_safari (2)\\Jungle_safari\\frontend\\node_modules\\ws': 'C:\\Users\\richa\\Downloads\\Jungle_safari (2)\\Jungle_safari\\frontend\\node_modules\\.ws-I1RIsFox',
384 silly reify   'C:\\Users\\richa\\Downloads\\Jungle_safari (2)\\Jungle_safari\\frontend\\node_modules\\xmlhttprequest-ssl': 'C:\\Users\\richa\\Downloads\\Jungle_safari (2)\\Jungle_safari\\frontend\\node_modules\\.xmlhttprequest-ssl-zl5NLuDH',
384 silly reify   'C:\\Users\\richa\\Downloads\\Jungle_safari (2)\\Jungle_safari\\frontend\\node_modules\\yaml': 'C:\\Users\\richa\\Downloads\\Jungle_safari (2)\\Jungle_safari\\frontend\\node_modules\\.yaml-Svhxwe62',
384 silly reify   'C:\\Users\\richa\\Downloads\\Jungle_safari (2)\\Jungle_safari\\frontend\\node_modules\\@adobe\\css-tools': 'C:\\Users\\richa\\Downloads\\Jungle_safari (2)\\Jungle_safari\\frontend\\node_modules\\@adobe\\.css-tools-ZePW3zti',
384 silly reify   'C:\\Users\\richa\\Downloads\\Jungle_safari (2)\\Jungle_safari\\frontend\\node_modules\\@ampproject\\remapping': 'C:\\Users\\richa\\Downloads\\Jungle_safari (2)\\Jungle_safari\\frontend\\node_modules\\@ampproject\\.remapping-T8TCTf5t',
384 silly reify   'C:\\Users\\richa\\Downloads\\Jungle_safari (2)\\Jungle_safari\\frontend\\node_modules\\@babel\\compat-data': 'C:\\Users\\richa\\Downloads\\Jungle_safari (2)\\Jungle_safari\\frontend\\node_modules\\@babel\\.compat-data-ji2lykzs',
384 silly reify   'C:\\Users\\richa\\Downloads\\Jungle_safari (2)\\Jungle_safari\\frontend\\node_modules\\@babel\\code-frame': 'C:\\Users\\richa\\Downloads\\Jungle_safari (2)\\Jungle_safari\\frontend\\node_modules\\@babel\\.code-frame-2pcEJsp0',
384 silly reify   'C:\\Users\\richa\\Downloads\\Jungle_safari (2)\\Jungle_safari\\frontend\\node_modules\\@babel\\generator': 'C:\\Users\\richa\\Downloads\\Jungle_safari (2)\\Jungle_safari\\frontend\\node_modules\\@babel\\.generator-jFd22een',
384 silly reify   'C:\\Users\\richa\\Downloads\\Jungle_safari (2)\\Jungle_safari\\frontend\\node_modules\\@babel\\eslint-parser': 'C:\\Users\\richa\\Downloads\\Jungle_safari (2)\\Jungle_safari\\frontend\\node_modules\\@babel\\.eslint-parser-CoOgiNvE',
384 silly reify   'C:\\Users\\richa\\Downloads\\Jungle_safari (2)\\Jungle_safari\\frontend\\node_modules\\@babel\\helper-annotate-as-pure': 'C:\\Users\\richa\\Downloads\\Jungle_safari (2)\\Jungle_safari\\frontend\\node_modules\\@babel\\.helper-annotate-as-pure-FYnfRxvh',
384 silly reify   'C:\\Users\\richa\\Downloads\\Jungle_safari (2)\\Jungle_safari\\frontend\\node_modules\\@babel\\helper-compilation-targets': 'C:\\Users\\richa\\Downloads\\Jungle_safari (2)\\Jungle_safari\\frontend\\node_modules\\@babel\\.helper-compilation-targets-WWtfg08h',
384 silly reify   'C:\\Users\\richa\\Downloads\\Jungle_safari (2)\\Jungle_safari\\frontend\\node_modules\\@babel\\core': 'C:\\Users\\richa\\Downloads\\Jungle_safari (2)\\Jungle_safari\\frontend\\node_modules\\@babel\\.core-BPLrp37I',
384 silly reify   'C:\\Users\\richa\\Downloads\\Jungle_safari (2)\\Jungle_safari\\frontend\\node_modules\\@babel\\helper-create-class-features-plugin': 'C:\\Users\\richa\\Downloads\\Jungle_safari (2)\\Jungle_safari\\frontend\\node_modules\\@babel\\.helper-create-class-features-plugin-x6xXjcUM',
384 silly reify   'C:\\Users\\richa\\Downloads\\Jungle_safari (2)\\Jungle_safari\\frontend\\node_modules\\@babel\\helper-create-regexp-features-plugin': 'C:\\Users\\richa\\Downloads\\Jungle_safari (2)\\Jungle_safari\\frontend\\node_modules\\@babel\\.helper-create-regexp-features-plugin-1LipDl9c',
384 silly reify   'C:\\Users\\richa\\Downloads\\Jungle_safari (2)\\Jungle_safari\\frontend\\node_modules\\@babel\\helper-define-polyfill-provider': 'C:\\Users\\richa\\Downloads\\Jungle_safari (2)\\Jungle_safari\\frontend\\node_modules\\@babel\\.helper-define-polyfill-provider-4T6tF2kb',
384 silly reify   'C:\\Users\\richa\\Downloads\\Jungle_safari (2)\\Jungle_safari\\frontend\\node_modules\\@babel\\helper-member-expression-to-functions': 'C:\\Users\\richa\\Downloads\\Jungle_safari (2)\\Jungle_safari\\frontend\\node_modules\\@babel\\.helper-member-expression-to-functions-HF5NO304',
384 silly reify   'C:\\Users\\richa\\Downloads\\Jungle_safari (2)\\Jungle_safari\\frontend\\node_modules\\@babel\\helper-module-imports': 'C:\\Users\\richa\\Downloads\\Jungle_safari (2)\\Jungle_safari\\frontend\\node_modules\\@babel\\.helper-module-imports-vUwrOsk9',
384 silly reify   'C:\\Users\\richa\\Downloads\\Jungle_safari (2)\\Jungle_safari\\frontend\\node_modules\\@babel\\helper-module-transforms': 'C:\\Users\\richa\\Downloads\\Jungle_safari (2)\\Jungle_safari\\frontend\\node_modules\\@babel\\.helper-module-transforms-Y6lZAZqy',
384 silly reify   'C:\\Users\\richa\\Downloads\\Jungle_safari (2)\\Jungle_safari\\frontend\\node_modules\\@babel\\helper-optimise-call-expression': 'C:\\Users\\richa\\Downloads\\Jungle_safari (2)\\Jungle_safari\\frontend\\node_modules\\@babel\\.helper-optimise-call-expression-6VBkPIK3',
384 silly reify   'C:\\Users\\richa\\Downloads\\Jungle_safari (2)\\Jungle_safari\\frontend\\node_modules\\@babel\\helper-plugin-utils': 'C:\\Users\\richa\\Downloads\\Jungle_safari (2)\\Jungle_safari\\frontend\\node_modules\\@babel\\.helper-plugin-utils-64Zg4GIh',
384 silly reify   'C:\\Users\\richa\\Downloads\\Jungle_safari (2)\\Jungle_safari\\frontend\\node_modules\\@babel\\helper-remap-async-to-generator': 'C:\\Users\\richa\\Downloads\\Jungle_safari (2)\\Jungle_safari\\frontend\\node_modules\\@babel\\.helper-remap-async-to-generator-crAVkpmw',
384 silly reify   'C:\\Users\\richa\\Downloads\\Jungle_safari (2)\\Jungle_safari\\frontend\\node_modules\\@babel\\helper-replace-supers': 'C:\\Users\\richa\\Downloads\\Jungle_safari (2)\\Jungle_safari\\frontend\\node_modules\\@babel\\.helper-replace-supers-y74J7LTL',
384 silly reify   'C:\\Users\\richa\\Downloads\\Jungle_safari (2)\\Jungle_safari\\frontend\\node_modules\\@babel\\helper-skip-transparent-expression-wrappers': 'C:\\Users\\richa\\Downloads\\Jungle_safari (2)\\Jungle_safari\\frontend\\node_modules\\@babel\\.helper-skip-transparent-expression-wrappers-ci5KJYXw',
384 silly reify   'C:\\Users\\richa\\Downloads\\Jungle_safari (2)\\Jungle_safari\\frontend\\node_modules\\@babel\\helper-string-parser': 'C:\\Users\\richa\\Downloads\\Jungle_safari (2)\\Jungle_safari\\frontend\\node_modules\\@babel\\.helper-string-parser-zTz8Et68',
384 silly reify   'C:\\Users\\richa\\Downloads\\Jungle_safari (2)\\Jungle_safari\\frontend\\node_modules\\@babel\\helper-validator-identifier': 'C:\\Users\\richa\\Downloads\\Jungle_safari (2)\\Jungle_safari\\frontend\\node_modules\\@babel\\.helper-validator-identifier-GRrD6ve1',
384 silly reify   'C:\\Users\\richa\\Downloads\\Jungle_safari (2)\\Jungle_safari\\frontend\\node_modules\\@babel\\helper-wrap-function': 'C:\\Users\\richa\\Downloads\\Jungle_safari (2)\\Jungle_safari\\frontend\\node_modules\\@babel\\.helper-wrap-function-hcBtF4Gp',
384 silly reify   'C:\\Users\\richa\\Downloads\\Jungle_safari (2)\\Jungle_safari\\frontend\\node_modules\\@babel\\helper-validator-option': 'C:\\Users\\richa\\Downloads\\Jungle_safari (2)\\Jungle_safari\\frontend\\node_modules\\@babel\\.helper-validator-option-ZofNViwb',
384 silly reify   'C:\\Users\\richa\\Downloads\\Jungle_safari (2)\\Jungle_safari\\frontend\\node_modules\\@babel\\parser': 'C:\\Users\\richa\\Downloads\\Jungle_safari (2)\\Jungle_safari\\frontend\\node_modules\\@babel\\.parser-MIWGnC2N',
384 silly reify   'C:\\Users\\richa\\Downloads\\Jungle_safari (2)\\Jungle_safari\\frontend\\node_modules\\@babel\\helpers': 'C:\\Users\\richa\\Downloads\\Jungle_safari (2)\\Jungle_safari\\frontend\\node_modules\\@babel\\.helpers-aQQFWi35',
384 silly reify   'C:\\Users\\richa\\Downloads\\Jungle_safari (2)\\Jungle_safari\\frontend\\node_modules\\@babel\\plugin-bugfix-firefox-class-in-computed-class-key': 'C:\\Users\\richa\\Downloads\\Jungle_safari (2)\\Jungle_safari\\frontend\\node_modules\\@babel\\.plugin-bugfix-firefox-class-in-computed-class-key-v5CBAxpy',
384 silly reify   'C:\\Users\\richa\\Downloads\\Jungle_safari (2)\\Jungle_safari\\frontend\\node_modules\\@babel\\plugin-bugfix-safari-class-field-initializer-scope': 'C:\\Users\\richa\\Downloads\\Jungle_safari (2)\\Jungle_safari\\frontend\\node_modules\\@babel\\.plugin-bugfix-safari-class-field-initializer-scope-BDlgsUMw',
384 silly reify   'C:\\Users\\richa\\Downloads\\Jungle_safari (2)\\Jungle_safari\\frontend\\node_modules\\@babel\\plugin-bugfix-safari-id-destructuring-collision-in-function-expression': 'C:\\Users\\richa\\Downloads\\Jungle_safari (2)\\Jungle_safari\\frontend\\node_modules\\@babel\\.plugin-bugfix-safari-id-destructuring-collision-in-function-expression-d4vsevPA',
384 silly reify   'C:\\Users\\richa\\Downloads\\Jungle_safari (2)\\Jungle_safari\\frontend\\node_modules\\@babel\\plugin-bugfix-v8-spread-parameters-in-optional-chaining': 'C:\\Users\\richa\\Downloads\\Jungle_safari (2)\\Jungle_safari\\frontend\\node_modules\\@babel\\.plugin-bugfix-v8-spread-parameters-in-optional-chaining-Rk0A46IB',
384 silly reify   'C:\\Users\\richa\\Downloads\\Jungle_safari (2)\\Jungle_safari\\frontend\\node_modules\\@babel\\plugin-bugfix-v8-static-class-fields-redefine-readonly': 'C:\\Users\\richa\\Downloads\\Jungle_safari (2)\\Jungle_safari\\frontend\\node_modules\\@babel\\.plugin-bugfix-v8-static-class-fields-redefine-readonly-iYq6h926',
384 silly reify   'C:\\Users\\richa\\Downloads\\Jungle_safari (2)\\Jungle_safari\\frontend\\node_modules\\@babel\\plugin-proposal-decorators': 'C:\\Users\\richa\\Downloads\\Jungle_safari (2)\\Jungle_safari\\frontend\\node_modules\\@babel\\.plugin-proposal-decorators-nUtISHe9',
384 silly reify   'C:\\Users\\richa\\Downloads\\Jungle_safari (2)\\Jungle_safari\\frontend\\node_modules\\@babel\\plugin-syntax-decorators': 'C:\\Users\\richa\\Downloads\\Jungle_safari (2)\\Jungle_safari\\frontend\\node_modules\\@babel\\.plugin-syntax-decorators-Q34HnxOC',
384 silly reify   'C:\\Users\\richa\\Downloads\\Jungle_safari (2)\\Jungle_safari\\frontend\\node_modules\\@babel\\plugin-syntax-flow': 'C:\\Users\\richa\\Downloads\\Jungle_safari (2)\\Jungle_safari\\frontend\\node_modules\\@babel\\.plugin-syntax-flow-y5WRux5Z',
384 silly reify   'C:\\Users\\richa\\Downloads\\Jungle_safari (2)\\Jungle_safari\\frontend\\node_modules\\@babel\\plugin-syntax-import-assertions': 'C:\\Users\\richa\\Downloads\\Jungle_safari (2)\\Jungle_safari\\frontend\\node_modules\\@babel\\.plugin-syntax-import-assertions-uP51hMGE',
384 silly reify   'C:\\Users\\richa\\Downloads\\Jungle_safari (2)\\Jungle_safari\\frontend\\node_modules\\@babel\\plugin-syntax-import-attributes': 'C:\\Users\\richa\\Downloads\\Jungle_safari (2)\\Jungle_safari\\frontend\\node_modules\\@babel\\.plugin-syntax-import-attributes-ls3MHHYS',
384 silly reify   'C:\\Users\\richa\\Downloads\\Jungle_safari (2)\\Jungle_safari\\frontend\\node_modules\\@babel\\plugin-syntax-jsx': 'C:\\Users\\richa\\Downloads\\Jungle_safari (2)\\Jungle_safari\\frontend\\node_modules\\@babel\\.plugin-syntax-jsx-UKH3OInl',
384 silly reify   'C:\\Users\\richa\\Downloads\\Jungle_safari (2)\\Jungle_safari\\frontend\\node_modules\\@babel\\plugin-syntax-typescript': 'C:\\Users\\richa\\Downloads\\Jungle_safari (2)\\Jungle_safari\\frontend\\node_modules\\@babel\\.plugin-syntax-typescript-F2r6c9nb',
384 silly reify   'C:\\Users\\richa\\Downloads\\Jungle_safari (2)\\Jungle_safari\\frontend\\node_modules\\@babel\\plugin-transform-async-generator-functions': 'C:\\Users\\richa\\Downloads\\Jungle_safari (2)\\Jungle_safari\\frontend\\node_modules\\@babel\\.plugin-transform-async-generator-functions-jekOcJGm',
384 silly reify   'C:\\Users\\richa\\Downloads\\Jungle_safari (2)\\Jungle_safari\\frontend\\node_modules\\@babel\\plugin-transform-arrow-functions': 'C:\\Users\\richa\\Downloads\\Jungle_safari (2)\\Jungle_safari\\frontend\\node_modules\\@babel\\.plugin-transform-arrow-functions-KgCraUAP',
384 silly reify   'C:\\Users\\richa\\Downloads\\Jungle_safari (2)\\Jungle_safari\\frontend\\node_modules\\@babel\\plugin-transform-async-to-generator': 'C:\\Users\\richa\\Downloads\\Jungle_safari (2)\\Jungle_safari\\frontend\\node_modules\\@babel\\.plugin-transform-async-to-generator-5gPoMtEI',
384 silly reify   'C:\\Users\\richa\\Downloads\\Jungle_safari (2)\\Jungle_safari\\frontend\\node_modules\\@babel\\plugin-transform-block-scoped-functions': 'C:\\Users\\richa\\Downloads\\Jungle_safari (2)\\Jungle_safari\\frontend\\node_modules\\@babel\\.plugin-transform-block-scoped-functions-M67tLe9F',
384 silly reify   'C:\\Users\\richa\\Downloads\\Jungle_safari (2)\\Jungle_safari\\frontend\\node_modules\\@babel\\plugin-transform-block-scoping': 'C:\\Users\\richa\\Downloads\\Jungle_safari (2)\\Jungle_safari\\frontend\\node_modules\\@babel\\.plugin-transform-block-scoping-5UO5dW3K',
384 silly reify   'C:\\Users\\richa\\Downloads\\Jungle_safari (2)\\Jungle_safari\\frontend\\node_modules\\@babel\\plugin-transform-class-properties': 'C:\\Users\\richa\\Downloads\\Jungle_safari (2)\\Jungle_safari\\frontend\\node_modules\\@babel\\.plugin-transform-class-properties-ptlWbA3V',
384 silly reify   'C:\\Users\\richa\\Downloads\\Jungle_safari (2)\\Jungle_safari\\frontend\\node_modules\\@babel\\plugin-transform-class-static-block': 'C:\\Users\\richa\\Downloads\\Jungle_safari (2)\\Jungle_safari\\frontend\\node_modules\\@babel\\.plugin-transform-class-static-block-0LyDT5y7',
384 silly reify   'C:\\Users\\richa\\Downloads\\Jungle_safari (2)\\Jungle_safari\\frontend\\node_modules\\@babel\\plugin-transform-classes': 'C:\\Users\\richa\\Downloads\\Jungle_safari (2)\\Jungle_safari\\frontend\\node_modules\\@babel\\.plugin-transform-classes-QdY89DC7',
384 silly reify   'C:\\Users\\richa\\Downloads\\Jungle_safari (2)\\Jungle_safari\\frontend\\node_modules\\@babel\\plugin-transform-destructuring': 'C:\\Users\\richa\\Downloads\\Jungle_safari (2)\\Jungle_safari\\frontend\\node_modules\\@babel\\.plugin-transform-destructuring-t6j6cVwr',
384 silly reify   'C:\\Users\\richa\\Downloads\\Jungle_safari (2)\\Jungle_safari\\frontend\\node_modules\\@babel\\plugin-transform-dotall-regex': 'C:\\Users\\richa\\Downloads\\Jungle_safari (2)\\Jungle_safari\\frontend\\node_modules\\@babel\\.plugin-transform-dotall-regex-yY7ERytg',
384 silly reify   'C:\\Users\\richa\\Downloads\\Jungle_safari (2)\\Jungle_safari\\frontend\\node_modules\\@babel\\plugin-transform-duplicate-keys': 'C:\\Users\\richa\\Downloads\\Jungle_safari (2)\\Jungle_safari\\frontend\\node_modules\\@babel\\.plugin-transform-duplicate-keys-1wIJba3G',
384 silly reify   'C:\\Users\\richa\\Downloads\\Jungle_safari (2)\\Jungle_safari\\frontend\\node_modules\\@babel\\plugin-transform-computed-properties': 'C:\\Users\\richa\\Downloads\\Jungle_safari (2)\\Jungle_safari\\frontend\\node_modules\\@babel\\.plugin-transform-computed-properties-9YxxgK74',
384 silly reify   'C:\\Users\\richa\\Downloads\\Jungle_safari (2)\\Jungle_safari\\frontend\\node_modules\\@babel\\plugin-transform-dynamic-import': 'C:\\Users\\richa\\Downloads\\Jungle_safari (2)\\Jungle_safari\\frontend\\node_modules\\@babel\\.plugin-transform-dynamic-import-QwHdubSe',
384 silly reify   'C:\\Users\\richa\\Downloads\\Jungle_safari (2)\\Jungle_safari\\frontend\\node_modules\\@babel\\plugin-transform-exponentiation-operator': 'C:\\Users\\richa\\Downloads\\Jungle_safari (2)\\Jungle_safari\\frontend\\node_modules\\@babel\\.plugin-transform-exponentiation-operator-YB1HZ36Q',
384 silly reify   'C:\\Users\\richa\\Downloads\\Jungle_safari (2)\\Jungle_safari\\frontend\\node_modules\\@babel\\plugin-transform-duplicate-named-capturing-groups-regex': 'C:\\Users\\richa\\Downloads\\Jungle_safari (2)\\Jungle_safari\\frontend\\node_modules\\@babel\\.plugin-transform-duplicate-named-capturing-groups-regex-NK2v7Gsj',
384 silly reify   'C:\\Users\\richa\\Downloads\\Jungle_safari (2)\\Jungle_safari\\frontend\\node_modules\\@babel\\plugin-transform-flow-strip-types': 'C:\\Users\\richa\\Downloads\\Jungle_safari (2)\\Jungle_safari\\frontend\\node_modules\\@babel\\.plugin-transform-flow-strip-types-KGWKFvRR',
384 silly reify   'C:\\Users\\richa\\Downloads\\Jungle_safari (2)\\Jungle_safari\\frontend\\node_modules\\@babel\\plugin-transform-export-namespace-from': 'C:\\Users\\richa\\Downloads\\Jungle_safari (2)\\Jungle_safari\\frontend\\node_modules\\@babel\\.plugin-transform-export-namespace-from-d3rqJhxV',
384 silly reify   'C:\\Users\\richa\\Downloads\\Jungle_safari (2)\\Jungle_safari\\frontend\\node_modules\\@babel\\plugin-transform-function-name': 'C:\\Users\\richa\\Downloads\\Jungle_safari (2)\\Jungle_safari\\frontend\\node_modules\\@babel\\.plugin-transform-function-name-T7VHVBrB',
384 silly reify   'C:\\Users\\richa\\Downloads\\Jungle_safari (2)\\Jungle_safari\\frontend\\node_modules\\@babel\\plugin-transform-json-strings': 'C:\\Users\\richa\\Downloads\\Jungle_safari (2)\\Jungle_safari\\frontend\\node_modules\\@babel\\.plugin-transform-json-strings-JbF9XcZ4',
384 silly reify   'C:\\Users\\richa\\Downloads\\Jungle_safari (2)\\Jungle_safari\\frontend\\node_modules\\@babel\\plugin-transform-for-of': 'C:\\Users\\richa\\Downloads\\Jungle_safari (2)\\Jungle_safari\\frontend\\node_modules\\@babel\\.plugin-transform-for-of-5hVh6mzI',
384 silly reify   'C:\\Users\\richa\\Downloads\\Jungle_safari (2)\\Jungle_safari\\frontend\\node_modules\\@babel\\plugin-transform-literals': 'C:\\Users\\richa\\Downloads\\Jungle_safari (2)\\Jungle_safari\\frontend\\node_modules\\@babel\\.plugin-transform-literals-9EueQTp9',
384 silly reify   'C:\\Users\\richa\\Downloads\\Jungle_safari (2)\\Jungle_safari\\frontend\\node_modules\\@babel\\plugin-transform-member-expression-literals': 'C:\\Users\\richa\\Downloads\\Jungle_safari (2)\\Jungle_safari\\frontend\\node_modules\\@babel\\.plugin-transform-member-expression-literals-lZbeDI4f',
384 silly reify   'C:\\Users\\richa\\Downloads\\Jungle_safari (2)\\Jungle_safari\\frontend\\node_modules\\@babel\\plugin-transform-logical-assignment-operators': 'C:\\Users\\richa\\Downloads\\Jungle_safari (2)\\Jungle_safari\\frontend\\node_modules\\@babel\\.plugin-transform-logical-assignment-operators-DYWrhgkQ',
384 silly reify   'C:\\Users\\richa\\Downloads\\Jungle_safari (2)\\Jungle_safari\\frontend\\node_modules\\@babel\\plugin-transform-modules-amd': 'C:\\Users\\richa\\Downloads\\Jungle_safari (2)\\Jungle_safari\\frontend\\node_modules\\@babel\\.plugin-transform-modules-amd-RiHb491h',
384 silly reify   'C:\\Users\\richa\\Downloads\\Jungle_safari (2)\\Jungle_safari\\frontend\\node_modules\\@babel\\plugin-transform-modules-commonjs': 'C:\\Users\\richa\\Downloads\\Jungle_safari (2)\\Jungle_safari\\frontend\\node_modules\\@babel\\.plugin-transform-modules-commonjs-XDnq6Cln',
384 silly reify   'C:\\Users\\richa\\Downloads\\Jungle_safari (2)\\Jungle_safari\\frontend\\node_modules\\@babel\\plugin-transform-modules-systemjs': 'C:\\Users\\richa\\Downloads\\Jungle_safari (2)\\Jungle_safari\\frontend\\node_modules\\@babel\\.plugin-transform-modules-systemjs-N4UNR5QD',
384 silly reify   'C:\\Users\\richa\\Downloads\\Jungle_safari (2)\\Jungle_safari\\frontend\\node_modules\\@babel\\plugin-transform-named-capturing-groups-regex': 'C:\\Users\\richa\\Downloads\\Jungle_safari (2)\\Jungle_safari\\frontend\\node_modules\\@babel\\.plugin-transform-named-capturing-groups-regex-hsdL1bt9',
384 silly reify   'C:\\Users\\richa\\Downloads\\Jungle_safari (2)\\Jungle_safari\\frontend\\node_modules\\@babel\\plugin-transform-modules-umd': 'C:\\Users\\richa\\Downloads\\Jungle_safari (2)\\Jungle_safari\\frontend\\node_modules\\@babel\\.plugin-transform-modules-umd-QDgmO9F3',
384 silly reify   'C:\\Users\\richa\\Downloads\\Jungle_safari (2)\\Jungle_safari\\frontend\\node_modules\\@babel\\plugin-transform-new-target': 'C:\\Users\\richa\\Downloads\\Jungle_safari (2)\\Jungle_safari\\frontend\\node_modules\\@babel\\.plugin-transform-new-target-ZhTHtuGH',
384 silly reify   'C:\\Users\\richa\\Downloads\\Jungle_safari (2)\\Jungle_safari\\frontend\\node_modules\\@babel\\plugin-transform-nullish-coalescing-operator': 'C:\\Users\\richa\\Downloads\\Jungle_safari (2)\\Jungle_safari\\frontend\\node_modules\\@babel\\.plugin-transform-nullish-coalescing-operator-UcXYWo5U',
384 silly reify   'C:\\Users\\richa\\Downloads\\Jungle_safari (2)\\Jungle_safari\\frontend\\node_modules\\@babel\\plugin-transform-numeric-separator': 'C:\\Users\\richa\\Downloads\\Jungle_safari (2)\\Jungle_safari\\frontend\\node_modules\\@babel\\.plugin-transform-numeric-separator-xImXjEiU',
384 silly reify   'C:\\Users\\richa\\Downloads\\Jungle_safari (2)\\Jungle_safari\\frontend\\node_modules\\@babel\\plugin-transform-object-super': 'C:\\Users\\richa\\Downloads\\Jungle_safari (2)\\Jungle_safari\\frontend\\node_modules\\@babel\\.plugin-transform-object-super-x7oY0oFt',
384 silly reify   'C:\\Users\\richa\\Downloads\\Jungle_safari (2)\\Jungle_safari\\frontend\\node_modules\\@babel\\plugin-transform-object-rest-spread': 'C:\\Users\\richa\\Downloads\\Jungle_safari (2)\\Jungle_safari\\frontend\\node_modules\\@babel\\.plugin-transform-object-rest-spread-1NL6PTrR',
384 silly reify   'C:\\Users\\richa\\Downloads\\Jungle_safari (2)\\Jungle_safari\\frontend\\node_modules\\@babel\\plugin-transform-optional-catch-binding': 'C:\\Users\\richa\\Downloads\\Jungle_safari (2)\\Jungle_safari\\frontend\\node_modules\\@babel\\.plugin-transform-optional-catch-binding-IAOQ8Egv',
384 silly reify   'C:\\Users\\richa\\Downloads\\Jungle_safari (2)\\Jungle_safari\\frontend\\node_modules\\@babel\\plugin-transform-optional-chaining': 'C:\\Users\\richa\\Downloads\\Jungle_safari (2)\\Jungle_safari\\frontend\\node_modules\\@babel\\.plugin-transform-optional-chaining-VmvGa8lv',
384 silly reify   'C:\\Users\\richa\\Downloads\\Jungle_safari (2)\\Jungle_safari\\frontend\\node_modules\\@babel\\plugin-transform-parameters': 'C:\\Users\\richa\\Downloads\\Jungle_safari (2)\\Jungle_safari\\frontend\\node_modules\\@babel\\.plugin-transform-parameters-xfPQ9c7J',
384 silly reify   'C:\\Users\\richa\\Downloads\\Jungle_safari (2)\\Jungle_safari\\frontend\\node_modules\\@babel\\plugin-transform-private-property-in-object': 'C:\\Users\\richa\\Downloads\\Jungle_safari (2)\\Jungle_safari\\frontend\\node_modules\\@babel\\.plugin-transform-private-property-in-object-2m6aN6ul',
384 silly reify   'C:\\Users\\richa\\Downloads\\Jungle_safari (2)\\Jungle_safari\\frontend\\node_modules\\@babel\\plugin-transform-private-methods': 'C:\\Users\\richa\\Downloads\\Jungle_safari (2)\\Jungle_safari\\frontend\\node_modules\\@babel\\.plugin-transform-private-methods-ZQzfWNgd',
384 silly reify   'C:\\Users\\richa\\Downloads\\Jungle_safari (2)\\Jungle_safari\\frontend\\node_modules\\@babel\\plugin-transform-property-literals': 'C:\\Users\\richa\\Downloads\\Jungle_safari (2)\\Jungle_safari\\frontend\\node_modules\\@babel\\.plugin-transform-property-literals-oj5HYvQV',
384 silly reify   'C:\\Users\\richa\\Downloads\\Jungle_safari (2)\\Jungle_safari\\frontend\\node_modules\\@babel\\plugin-transform-react-constant-elements': 'C:\\Users\\richa\\Downloads\\Jungle_safari (2)\\Jungle_safari\\frontend\\node_modules\\@babel\\.plugin-transform-react-constant-elements-RvvnuvOF',
384 silly reify   'C:\\Users\\richa\\Downloads\\Jungle_safari (2)\\Jungle_safari\\frontend\\node_modules\\@babel\\plugin-transform-react-display-name': 'C:\\Users\\richa\\Downloads\\Jungle_safari (2)\\Jungle_safari\\frontend\\node_modules\\@babel\\.plugin-transform-react-display-name-WRylQNyL',
384 silly reify   'C:\\Users\\richa\\Downloads\\Jungle_safari (2)\\Jungle_safari\\frontend\\node_modules\\@babel\\plugin-transform-react-jsx-development': 'C:\\Users\\richa\\Downloads\\Jungle_safari (2)\\Jungle_safari\\frontend\\node_modules\\@babel\\.plugin-transform-react-jsx-development-HHsbVhua',
384 silly reify   'C:\\Users\\richa\\Downloads\\Jungle_safari (2)\\Jungle_safari\\frontend\\node_modules\\@babel\\plugin-transform-react-jsx': 'C:\\Users\\richa\\Downloads\\Jungle_safari (2)\\Jungle_safari\\frontend\\node_modules\\@babel\\.plugin-transform-react-jsx-wSqeA2oa',
384 silly reify   'C:\\Users\\richa\\Downloads\\Jungle_safari (2)\\Jungle_safari\\frontend\\node_modules\\@babel\\plugin-transform-react-pure-annotations': 'C:\\Users\\richa\\Downloads\\Jungle_safari (2)\\Jungle_safari\\frontend\\node_modules\\@babel\\.plugin-transform-react-pure-annotations-XCcClt2y',
384 silly reify   'C:\\Users\\richa\\Downloads\\Jungle_safari (2)\\Jungle_safari\\frontend\\node_modules\\@babel\\plugin-transform-regexp-modifiers': 'C:\\Users\\richa\\Downloads\\Jungle_safari (2)\\Jungle_safari\\frontend\\node_modules\\@babel\\.plugin-transform-regexp-modifiers-mQlPzZxa',
384 silly reify   'C:\\Users\\richa\\Downloads\\Jungle_safari (2)\\Jungle_safari\\frontend\\node_modules\\@babel\\plugin-transform-regenerator': 'C:\\Users\\richa\\Downloads\\Jungle_safari (2)\\Jungle_safari\\frontend\\node_modules\\@babel\\.plugin-transform-regenerator-id9Ib3HR',
384 silly reify   'C:\\Users\\richa\\Downloads\\Jungle_safari (2)\\Jungle_safari\\frontend\\node_modules\\@babel\\plugin-transform-reserved-words': 'C:\\Users\\richa\\Downloads\\Jungle_safari (2)\\Jungle_safari\\frontend\\node_modules\\@babel\\.plugin-transform-reserved-words-BizfwMyP',
384 silly reify   'C:\\Users\\richa\\Downloads\\Jungle_safari (2)\\Jungle_safari\\frontend\\node_modules\\@babel\\plugin-transform-runtime': 'C:\\Users\\richa\\Downloads\\Jungle_safari (2)\\Jungle_safari\\frontend\\node_modules\\@babel\\.plugin-transform-runtime-JdYY6kDQ',
384 silly reify   'C:\\Users\\richa\\Downloads\\Jungle_safari (2)\\Jungle_safari\\frontend\\node_modules\\@babel\\plugin-transform-spread': 'C:\\Users\\richa\\Downloads\\Jungle_safari (2)\\Jungle_safari\\frontend\\node_modules\\@babel\\.plugin-transform-spread-N3W0CWjG',
384 silly reify   'C:\\Users\\richa\\Downloads\\Jungle_safari (2)\\Jungle_safari\\frontend\\node_modules\\@babel\\plugin-transform-shorthand-properties': 'C:\\Users\\richa\\Downloads\\Jungle_safari (2)\\Jungle_safari\\frontend\\node_modules\\@babel\\.plugin-transform-shorthand-properties-EwsXOoB3',
384 silly reify   'C:\\Users\\richa\\Downloads\\Jungle_safari (2)\\Jungle_safari\\frontend\\node_modules\\@babel\\plugin-transform-sticky-regex': 'C:\\Users\\richa\\Downloads\\Jungle_safari (2)\\Jungle_safari\\frontend\\node_modules\\@babel\\.plugin-transform-sticky-regex-7wxw3C1q',
384 silly reify   'C:\\Users\\richa\\Downloads\\Jungle_safari (2)\\Jungle_safari\\frontend\\node_modules\\@babel\\plugin-transform-typeof-symbol': 'C:\\Users\\richa\\Downloads\\Jungle_safari (2)\\Jungle_safari\\frontend\\node_modules\\@babel\\.plugin-transform-typeof-symbol-t2iS6PsR',
384 silly reify   'C:\\Users\\richa\\Downloads\\Jungle_safari (2)\\Jungle_safari\\frontend\\node_modules\\@babel\\plugin-transform-template-literals': 'C:\\Users\\richa\\Downloads\\Jungle_safari (2)\\Jungle_safari\\frontend\\node_modules\\@babel\\.plugin-transform-template-literals-4DmA9UG8',
384 silly reify   'C:\\Users\\richa\\Downloads\\Jungle_safari (2)\\Jungle_safari\\frontend\\node_modules\\@babel\\plugin-transform-unicode-escapes': 'C:\\Users\\richa\\Downloads\\Jungle_safari (2)\\Jungle_safari\\frontend\\node_modules\\@babel\\.plugin-transform-unicode-escapes-9kI7K6fW',
384 silly reify   'C:\\Users\\richa\\Downloads\\Jungle_safari (2)\\Jungle_safari\\frontend\\node_modules\\@babel\\plugin-transform-typescript': 'C:\\Users\\richa\\Downloads\\Jungle_safari (2)\\Jungle_safari\\frontend\\node_modules\\@babel\\.plugin-transform-typescript-VyJB6jqC',
384 silly reify   'C:\\Users\\richa\\Downloads\\Jungle_safari (2)\\Jungle_safari\\frontend\\node_modules\\@babel\\plugin-transform-unicode-property-regex': 'C:\\Users\\richa\\Downloads\\Jungle_safari (2)\\Jungle_safari\\frontend\\node_modules\\@babel\\.plugin-transform-unicode-property-regex-8jTtqXfM',
384 silly reify   'C:\\Users\\richa\\Downloads\\Jungle_safari (2)\\Jungle_safari\\frontend\\node_modules\\@babel\\plugin-transform-unicode-regex': 'C:\\Users\\richa\\Downloads\\Jungle_safari (2)\\Jungle_safari\\frontend\\node_modules\\@babel\\.plugin-transform-unicode-regex-VEIFNRDG',
384 silly reify   'C:\\Users\\richa\\Downloads\\Jungle_safari (2)\\Jungle_safari\\frontend\\node_modules\\@babel\\plugin-transform-unicode-sets-regex': 'C:\\Users\\richa\\Downloads\\Jungle_safari (2)\\Jungle_safari\\frontend\\node_modules\\@babel\\.plugin-transform-unicode-sets-regex-BVlLgrLb',
384 silly reify   'C:\\Users\\richa\\Downloads\\Jungle_safari (2)\\Jungle_safari\\frontend\\node_modules\\@babel\\preset-env': 'C:\\Users\\richa\\Downloads\\Jungle_safari (2)\\Jungle_safari\\frontend\\node_modules\\@babel\\.preset-env-OJ809Oer',
384 silly reify   'C:\\Users\\richa\\Downloads\\Jungle_safari (2)\\Jungle_safari\\frontend\\node_modules\\@babel\\preset-typescript': 'C:\\Users\\richa\\Downloads\\Jungle_safari (2)\\Jungle_safari\\frontend\\node_modules\\@babel\\.preset-typescript-LeB2fIwn',
384 silly reify   'C:\\Users\\richa\\Downloads\\Jungle_safari (2)\\Jungle_safari\\frontend\\node_modules\\@babel\\preset-react': 'C:\\Users\\richa\\Downloads\\Jungle_safari (2)\\Jungle_safari\\frontend\\node_modules\\@babel\\.preset-react-L9222Qvu',
384 silly reify   'C:\\Users\\richa\\Downloads\\Jungle_safari (2)\\Jungle_safari\\frontend\\node_modules\\@babel\\runtime': 'C:\\Users\\richa\\Downloads\\Jungle_safari (2)\\Jungle_safari\\frontend\\node_modules\\@babel\\.runtime-cW859X5M',
384 silly reify   'C:\\Users\\richa\\Downloads\\Jungle_safari (2)\\Jungle_safari\\frontend\\node_modules\\@babel\\template': 'C:\\Users\\richa\\Downloads\\Jungle_safari (2)\\Jungle_safari\\frontend\\node_modules\\@babel\\.template-IhUrElKK',
384 silly reify   'C:\\Users\\richa\\Downloads\\Jungle_safari (2)\\Jungle_safari\\frontend\\node_modules\\@babel\\traverse': 'C:\\Users\\richa\\Downloads\\Jungle_safari (2)\\Jungle_safari\\frontend\\node_modules\\@babel\\.traverse-L89zd5QC',
384 silly reify   'C:\\Users\\richa\\Downloads\\Jungle_safari (2)\\Jungle_safari\\frontend\\node_modules\\@babel\\types': 'C:\\Users\\richa\\Downloads\\Jungle_safari (2)\\Jungle_safari\\frontend\\node_modules\\@babel\\.types-PMoPJK9k',
384 silly reify   'C:\\Users\\richa\\Downloads\\Jungle_safari (2)\\Jungle_safari\\frontend\\node_modules\\@emotion\\babel-plugin': 'C:\\Users\\richa\\Downloads\\Jungle_safari (2)\\Jungle_safari\\frontend\\node_modules\\@emotion\\.babel-plugin-c0mEmLyI',
384 silly reify   'C:\\Users\\richa\\Downloads\\Jungle_safari (2)\\Jungle_safari\\frontend\\node_modules\\@emotion\\cache': 'C:\\Users\\richa\\Downloads\\Jungle_safari (2)\\Jungle_safari\\frontend\\node_modules\\@emotion\\.cache-Gw0qaWJf',
384 silly reify   'C:\\Users\\richa\\Downloads\\Jungle_safari (2)\\Jungle_safari\\frontend\\node_modules\\@emotion\\hash': 'C:\\Users\\richa\\Downloads\\Jungle_safari (2)\\Jungle_safari\\frontend\\node_modules\\@emotion\\.hash-T7V7Krsk',
384 silly reify   'C:\\Users\\richa\\Downloads\\Jungle_safari (2)\\Jungle_safari\\frontend\\node_modules\\@emotion\\is-prop-valid': 'C:\\Users\\richa\\Downloads\\Jungle_safari (2)\\Jungle_safari\\frontend\\node_modules\\@emotion\\.is-prop-valid-JG4eqG31',
384 silly reify   'C:\\Users\\richa\\Downloads\\Jungle_safari (2)\\Jungle_safari\\frontend\\node_modules\\@emotion\\memoize': 'C:\\Users\\richa\\Downloads\\Jungle_safari (2)\\Jungle_safari\\frontend\\node_modules\\@emotion\\.memoize-Iau0Fps2',
384 silly reify   'C:\\Users\\richa\\Downloads\\Jungle_safari (2)\\Jungle_safari\\frontend\\node_modules\\@emotion\\react': 'C:\\Users\\richa\\Downloads\\Jungle_safari (2)\\Jungle_safari\\frontend\\node_modules\\@emotion\\.react-03WQ5cEt',
384 silly reify   'C:\\Users\\richa\\Downloads\\Jungle_safari (2)\\Jungle_safari\\frontend\\node_modules\\@emotion\\serialize': 'C:\\Users\\richa\\Downloads\\Jungle_safari (2)\\Jungle_safari\\frontend\\node_modules\\@emotion\\.serialize-WSSkiIQD',
384 silly reify   'C:\\Users\\richa\\Downloads\\Jungle_safari (2)\\Jungle_safari\\frontend\\node_modules\\@emotion\\sheet': 'C:\\Users\\richa\\Downloads\\Jungle_safari (2)\\Jungle_safari\\frontend\\node_modules\\@emotion\\.sheet-SvV3sRqa',
384 silly reify   'C:\\Users\\richa\\Downloads\\Jungle_safari (2)\\Jungle_safari\\frontend\\node_modules\\@emotion\\unitless': 'C:\\Users\\richa\\Downloads\\Jungle_safari (2)\\Jungle_safari\\frontend\\node_modules\\@emotion\\.unitless-7KmajKwt',
384 silly reify   'C:\\Users\\richa\\Downloads\\Jungle_safari (2)\\Jungle_safari\\frontend\\node_modules\\@emotion\\styled': 'C:\\Users\\richa\\Downloads\\Jungle_safari (2)\\Jungle_safari\\frontend\\node_modules\\@emotion\\.styled-JFtfTjbi',
384 silly reify   'C:\\Users\\richa\\Downloads\\Jungle_safari (2)\\Jungle_safari\\frontend\\node_modules\\@emotion\\use-insertion-effect-with-fallbacks': 'C:\\Users\\richa\\Downloads\\Jungle_safari (2)\\Jungle_safari\\frontend\\node_modules\\@emotion\\.use-insertion-effect-with-fallbacks-5fkV51gD',
384 silly reify   'C:\\Users\\richa\\Downloads\\Jungle_safari (2)\\Jungle_safari\\frontend\\node_modules\\@emotion\\utils': 'C:\\Users\\richa\\Downloads\\Jungle_safari (2)\\Jungle_safari\\frontend\\node_modules\\@emotion\\.utils-mYqewz1p',
384 silly reify   'C:\\Users\\richa\\Downloads\\Jungle_safari (2)\\Jungle_safari\\frontend\\node_modules\\@emotion\\weak-memoize': 'C:\\Users\\richa\\Downloads\\Jungle_safari (2)\\Jungle_safari\\frontend\\node_modules\\@emotion\\.weak-memoize-aMvUlCHp',
384 silly reify   'C:\\Users\\richa\\Downloads\\Jungle_safari (2)\\Jungle_safari\\frontend\\node_modules\\@isaacs\\cliui': 'C:\\Users\\richa\\Downloads\\Jungle_safari (2)\\Jungle_safari\\frontend\\node_modules\\@isaacs\\.cliui-gIZZx5zD',
384 silly reify   'C:\\Users\\richa\\Downloads\\Jungle_safari (2)\\Jungle_safari\\frontend\\node_modules\\@eslint-community\\regexpp': 'C:\\Users\\richa\\Downloads\\Jungle_safari (2)\\Jungle_safari\\frontend\\node_modules\\@eslint-community\\.regexpp-DRfTbFGB',
384 silly reify   'C:\\Users\\richa\\Downloads\\Jungle_safari (2)\\Jungle_safari\\frontend\\node_modules\\@eslint-community\\eslint-utils': 'C:\\Users\\richa\\Downloads\\Jungle_safari (2)\\Jungle_safari\\frontend\\node_modules\\@eslint-community\\.eslint-utils-Ix8bsBtR',
384 silly reify   'C:\\Users\\richa\\Downloads\\Jungle_safari (2)\\Jungle_safari\\frontend\\node_modules\\@istanbuljs\\schema': 'C:\\Users\\richa\\Downloads\\Jungle_safari (2)\\Jungle_safari\\frontend\\node_modules\\@istanbuljs\\.schema-jAUAypcj',
384 silly reify   'C:\\Users\\richa\\Downloads\\Jungle_safari (2)\\Jungle_safari\\frontend\\node_modules\\@jest\\expect-utils': 'C:\\Users\\richa\\Downloads\\Jungle_safari (2)\\Jungle_safari\\frontend\\node_modules\\@jest\\.expect-utils-ZxpNnlNR',
384 silly reify   'C:\\Users\\richa\\Downloads\\Jungle_safari (2)\\Jungle_safari\\frontend\\node_modules\\@jridgewell\\gen-mapping': 'C:\\Users\\richa\\Downloads\\Jungle_safari (2)\\Jungle_safari\\frontend\\node_modules\\@jridgewell\\.gen-mapping-1ubpqFZU',
384 silly reify   'C:\\Users\\richa\\Downloads\\Jungle_safari (2)\\Jungle_safari\\frontend\\node_modules\\@jridgewell\\set-array': 'C:\\Users\\richa\\Downloads\\Jungle_safari (2)\\Jungle_safari\\frontend\\node_modules\\@jridgewell\\.set-array-ZBlHO41b',
384 silly reify   'C:\\Users\\richa\\Downloads\\Jungle_safari (2)\\Jungle_safari\\frontend\\node_modules\\@jridgewell\\sourcemap-codec': 'C:\\Users\\richa\\Downloads\\Jungle_safari (2)\\Jungle_safari\\frontend\\node_modules\\@jridgewell\\.sourcemap-codec-Nq31fEPy',
384 silly reify   'C:\\Users\\richa\\Downloads\\Jungle_safari (2)\\Jungle_safari\\frontend\\node_modules\\@jridgewell\\source-map': 'C:\\Users\\richa\\Downloads\\Jungle_safari (2)\\Jungle_safari\\frontend\\node_modules\\@jridgewell\\.source-map-uCPiSIAD',
384 silly reify   'C:\\Users\\richa\\Downloads\\Jungle_safari (2)\\Jungle_safari\\frontend\\node_modules\\@jridgewell\\trace-mapping': 'C:\\Users\\richa\\Downloads\\Jungle_safari (2)\\Jungle_safari\\frontend\\node_modules\\@jridgewell\\.trace-mapping-C1M9sq8u',
384 silly reify   'C:\\Users\\richa\\Downloads\\Jungle_safari (2)\\Jungle_safari\\frontend\\node_modules\\@mui\\core-downloads-tracker': 'C:\\Users\\richa\\Downloads\\Jungle_safari (2)\\Jungle_safari\\frontend\\node_modules\\@mui\\.core-downloads-tracker-Oo4FnvEI',
384 silly reify   'C:\\Users\\richa\\Downloads\\Jungle_safari (2)\\Jungle_safari\\frontend\\node_modules\\@mui\\icons-material': 'C:\\Users\\richa\\Downloads\\Jungle_safari (2)\\Jungle_safari\\frontend\\node_modules\\@mui\\.icons-material-PJz6ySei',
384 silly reify   'C:\\Users\\richa\\Downloads\\Jungle_safari (2)\\Jungle_safari\\frontend\\node_modules\\@mui\\material': 'C:\\Users\\richa\\Downloads\\Jungle_safari (2)\\Jungle_safari\\frontend\\node_modules\\@mui\\.material-F3YfUSrc',
384 silly reify   'C:\\Users\\richa\\Downloads\\Jungle_safari (2)\\Jungle_safari\\frontend\\node_modules\\@mui\\private-theming': 'C:\\Users\\richa\\Downloads\\Jungle_safari (2)\\Jungle_safari\\frontend\\node_modules\\@mui\\.private-theming-lMtHeI7P',
384 silly reify   'C:\\Users\\richa\\Downloads\\Jungle_safari (2)\\Jungle_safari\\frontend\\node_modules\\@mui\\styled-engine': 'C:\\Users\\richa\\Downloads\\Jungle_safari (2)\\Jungle_safari\\frontend\\node_modules\\@mui\\.styled-engine-XsdqWJdB',
384 silly reify   'C:\\Users\\richa\\Downloads\\Jungle_safari (2)\\Jungle_safari\\frontend\\node_modules\\@mui\\system': 'C:\\Users\\richa\\Downloads\\Jungle_safari (2)\\Jungle_safari\\frontend\\node_modules\\@mui\\.system-AhskdXO3',
384 silly reify   'C:\\Users\\richa\\Downloads\\Jungle_safari (2)\\Jungle_safari\\frontend\\node_modules\\@mui\\types': 'C:\\Users\\richa\\Downloads\\Jungle_safari (2)\\Jungle_safari\\frontend\\node_modules\\@mui\\.types-5WzQAJJy',
384 silly reify   'C:\\Users\\richa\\Downloads\\Jungle_safari (2)\\Jungle_safari\\frontend\\node_modules\\@mui\\utils': 'C:\\Users\\richa\\Downloads\\Jungle_safari (2)\\Jungle_safari\\frontend\\node_modules\\@mui\\.utils-WwhiT6Co',
384 silly reify   'C:\\Users\\richa\\Downloads\\Jungle_safari (2)\\Jungle_safari\\frontend\\node_modules\\@pkgjs\\parseargs': 'C:\\Users\\richa\\Downloads\\Jungle_safari (2)\\Jungle_safari\\frontend\\node_modules\\@pkgjs\\.parseargs-OuMNYLae',
384 silly reify   'C:\\Users\\richa\\Downloads\\Jungle_safari (2)\\Jungle_safari\\frontend\\node_modules\\@popperjs\\core': 'C:\\Users\\richa\\Downloads\\Jungle_safari (2)\\Jungle_safari\\frontend\\node_modules\\@popperjs\\.core-sLWxt5ri',
384 silly reify   'C:\\Users\\richa\\Downloads\\Jungle_safari (2)\\Jungle_safari\\frontend\\node_modules\\@pmmmwh\\react-refresh-webpack-plugin': 'C:\\Users\\richa\\Downloads\\Jungle_safari (2)\\Jungle_safari\\frontend\\node_modules\\@pmmmwh\\.react-refresh-webpack-plugin-J84M9pBr',
384 silly reify   'C:\\Users\\richa\\Downloads\\Jungle_safari (2)\\Jungle_safari\\frontend\\node_modules\\@remix-run\\router': 'C:\\Users\\richa\\Downloads\\Jungle_safari (2)\\Jungle_safari\\frontend\\node_modules\\@remix-run\\.router-qVGweuAD',
384 silly reify   'C:\\Users\\richa\\Downloads\\Jungle_safari (2)\\Jungle_safari\\frontend\\node_modules\\@rushstack\\eslint-patch': 'C:\\Users\\richa\\Downloads\\Jungle_safari (2)\\Jungle_safari\\frontend\\node_modules\\@rushstack\\.eslint-patch-mukGsBvc',
384 silly reify   'C:\\Users\\richa\\Downloads\\Jungle_safari (2)\\Jungle_safari\\frontend\\node_modules\\@socket.io\\component-emitter': 'C:\\Users\\richa\\Downloads\\Jungle_safari (2)\\Jungle_safari\\frontend\\node_modules\\@socket.io\\.component-emitter-tfABOhN6',
384 silly reify   'C:\\Users\\richa\\Downloads\\Jungle_safari (2)\\Jungle_safari\\frontend\\node_modules\\@svgdotjs\\svg.filter.js': 'C:\\Users\\richa\\Downloads\\Jungle_safari (2)\\Jungle_safari\\frontend\\node_modules\\@svgdotjs\\.svg.filter.js-XHWxOLxJ',
384 silly reify   'C:\\Users\\richa\\Downloads\\Jungle_safari (2)\\Jungle_safari\\frontend\\node_modules\\@svgdotjs\\svg.js': 'C:\\Users\\richa\\Downloads\\Jungle_safari (2)\\Jungle_safari\\frontend\\node_modules\\@svgdotjs\\.svg.js-XQlIQrrL',
384 silly reify   'C:\\Users\\richa\\Downloads\\Jungle_safari (2)\\Jungle_safari\\frontend\\node_modules\\@svgdotjs\\svg.draggable.js': 'C:\\Users\\richa\\Downloads\\Jungle_safari (2)\\Jungle_safari\\frontend\\node_modules\\@svgdotjs\\.svg.draggable.js-aeWIoOKO',
384 silly reify   'C:\\Users\\richa\\Downloads\\Jungle_safari (2)\\Jungle_safari\\frontend\\node_modules\\@svgdotjs\\svg.resize.js': 'C:\\Users\\richa\\Downloads\\Jungle_safari (2)\\Jungle_safari\\frontend\\node_modules\\@svgdotjs\\.svg.resize.js-2aahxbIj',
384 silly reify   'C:\\Users\\richa\\Downloads\\Jungle_safari (2)\\Jungle_safari\\frontend\\node_modules\\@svgdotjs\\svg.select.js': 'C:\\Users\\richa\\Downloads\\Jungle_safari (2)\\Jungle_safari\\frontend\\node_modules\\@svgdotjs\\.svg.select.js-74DxLZov',
384 silly reify   'C:\\Users\\richa\\Downloads\\Jungle_safari (2)\\Jungle_safari\\frontend\\node_modules\\@testing-library\\dom': 'C:\\Users\\richa\\Downloads\\Jungle_safari (2)\\Jungle_safari\\frontend\\node_modules\\@testing-library\\.dom-vcDJVKHd',
384 silly reify   'C:\\Users\\richa\\Downloads\\Jungle_safari (2)\\Jungle_safari\\frontend\\node_modules\\@trysound\\sax': 'C:\\Users\\richa\\Downloads\\Jungle_safari (2)\\Jungle_safari\\frontend\\node_modules\\@trysound\\.sax-FnQx3drm',
384 silly reify   'C:\\Users\\richa\\Downloads\\Jungle_safari (2)\\Jungle_safari\\frontend\\node_modules\\@types\\babel__generator': 'C:\\Users\\richa\\Downloads\\Jungle_safari (2)\\Jungle_safari\\frontend\\node_modules\\@types\\.babel__generator-0qW4PZTj',
384 silly reify   'C:\\Users\\richa\\Downloads\\Jungle_safari (2)\\Jungle_safari\\frontend\\node_modules\\@types\\babel__traverse': 'C:\\Users\\richa\\Downloads\\Jungle_safari (2)\\Jungle_safari\\frontend\\node_modules\\@types\\.babel__traverse-drtW086M',
384 silly reify   'C:\\Users\\richa\\Downloads\\Jungle_safari (2)\\Jungle_safari\\frontend\\node_modules\\@types\\body-parser': 'C:\\Users\\richa\\Downloads\\Jungle_safari (2)\\Jungle_safari\\frontend\\node_modules\\@types\\.body-parser-f5KSx9Be',
384 silly reify   'C:\\Users\\richa\\Downloads\\Jungle_safari (2)\\Jungle_safari\\frontend\\node_modules\\@types\\estree': 'C:\\Users\\richa\\Downloads\\Jungle_safari (2)\\Jungle_safari\\frontend\\node_modules\\@types\\.estree-TZfU0RMN',
384 silly reify   'C:\\Users\\richa\\Downloads\\Jungle_safari (2)\\Jungle_safari\\frontend\\node_modules\\@types\\eslint-scope': 'C:\\Users\\richa\\Downloads\\Jungle_safari (2)\\Jungle_safari\\frontend\\node_modules\\@types\\.eslint-scope-8oGNpxht',
384 silly reify   'C:\\Users\\richa\\Downloads\\Jungle_safari (2)\\Jungle_safari\\frontend\\node_modules\\@types\\express': 'C:\\Users\\richa\\Downloads\\Jungle_safari (2)\\Jungle_safari\\frontend\\node_modules\\@types\\.express-o6hiLitM',
384 silly reify   'C:\\Users\\richa\\Downloads\\Jungle_safari (2)\\Jungle_safari\\frontend\\node_modules\\@types\\express-serve-static-core': 'C:\\Users\\richa\\Downloads\\Jungle_safari (2)\\Jungle_safari\\frontend\\node_modules\\@types\\.express-serve-static-core-s2M0Lfy2',
384 silly reify   'C:\\Users\\richa\\Downloads\\Jungle_safari (2)\\Jungle_safari\\frontend\\node_modules\\@types\\http-errors': 'C:\\Users\\richa\\Downloads\\Jungle_safari (2)\\Jungle_safari\\frontend\\node_modules\\@types\\.http-errors-N5Z4MLXQ',
384 silly reify   'C:\\Users\\richa\\Downloads\\Jungle_safari (2)\\Jungle_safari\\frontend\\node_modules\\@types\\http-proxy': 'C:\\Users\\richa\\Downloads\\Jungle_safari (2)\\Jungle_safari\\frontend\\node_modules\\@types\\.http-proxy-0JfEwCJh',
384 silly reify   'C:\\Users\\richa\\Downloads\\Jungle_safari (2)\\Jungle_safari\\frontend\\node_modules\\@types\\jest': 'C:\\Users\\richa\\Downloads\\Jungle_safari (2)\\Jungle_safari\\frontend\\node_modules\\@types\\.jest-Op3hAlW2',
384 silly reify   'C:\\Users\\richa\\Downloads\\Jungle_safari (2)\\Jungle_safari\\frontend\\node_modules\\@types\\node': 'C:\\Users\\richa\\Downloads\\Jungle_safari (2)\\Jungle_safari\\frontend\\node_modules\\@types\\.node-F5dlLqol',
384 silly reify   'C:\\Users\\richa\\Downloads\\Jungle_safari (2)\\Jungle_safari\\frontend\\node_modules\\@types\\node-forge': 'C:\\Users\\richa\\Downloads\\Jungle_safari (2)\\Jungle_safari\\frontend\\node_modules\\@types\\.node-forge-eWOqUiSf',
384 silly reify   'C:\\Users\\richa\\Downloads\\Jungle_safari (2)\\Jungle_safari\\frontend\\node_modules\\@types\\prop-types': 'C:\\Users\\richa\\Downloads\\Jungle_safari (2)\\Jungle_safari\\frontend\\node_modules\\@types\\.prop-types-83O5EmQM',
384 silly reify   'C:\\Users\\richa\\Downloads\\Jungle_safari (2)\\Jungle_safari\\frontend\\node_modules\\@types\\react': 'C:\\Users\\richa\\Downloads\\Jungle_safari (2)\\Jungle_safari\\frontend\\node_modules\\@types\\.react-tKTuzuBP',
384 silly reify   'C:\\Users\\richa\\Downloads\\Jungle_safari (2)\\Jungle_safari\\frontend\\node_modules\\@types\\qs': 'C:\\Users\\richa\\Downloads\\Jungle_safari (2)\\Jungle_safari\\frontend\\node_modules\\@types\\.qs-xqJa5SEU',
384 silly reify   'C:\\Users\\richa\\Downloads\\Jungle_safari (2)\\Jungle_safari\\frontend\\node_modules\\@types\\react-dom': 'C:\\Users\\richa\\Downloads\\Jungle_safari (2)\\Jungle_safari\\frontend\\node_modules\\@types\\.react-dom-thukoJdX',
384 silly reify   'C:\\Users\\richa\\Downloads\\Jungle_safari (2)\\Jungle_safari\\frontend\\node_modules\\@types\\react-transition-group': 'C:\\Users\\richa\\Downloads\\Jungle_safari (2)\\Jungle_safari\\frontend\\node_modules\\@types\\.react-transition-group-tLtGL252',
384 silly reify   'C:\\Users\\richa\\Downloads\\Jungle_safari (2)\\Jungle_safari\\frontend\\node_modules\\@types\\semver': 'C:\\Users\\richa\\Downloads\\Jungle_safari (2)\\Jungle_safari\\frontend\\node_modules\\@types\\.semver-hdk6irsV',
384 silly reify   'C:\\Users\\richa\\Downloads\\Jungle_safari (2)\\Jungle_safari\\frontend\\node_modules\\@types\\send': 'C:\\Users\\richa\\Downloads\\Jungle_safari (2)\\Jungle_safari\\frontend\\node_modules\\@types\\.send-0R1fvSMX',
384 silly reify   'C:\\Users\\richa\\Downloads\\Jungle_safari (2)\\Jungle_safari\\frontend\\node_modules\\@types\\serve-static': 'C:\\Users\\richa\\Downloads\\Jungle_safari (2)\\Jungle_safari\\frontend\\node_modules\\@types\\.serve-static-tMUdhxzT',
384 silly reify   'C:\\Users\\richa\\Downloads\\Jungle_safari (2)\\Jungle_safari\\frontend\\node_modules\\@types\\ws': 'C:\\Users\\richa\\Downloads\\Jungle_safari (2)\\Jungle_safari\\frontend\\node_modules\\@types\\.ws-ceMkrsYh',
384 silly reify   'C:\\Users\\richa\\Downloads\\Jungle_safari (2)\\Jungle_safari\\frontend\\node_modules\\@types\\yargs': 'C:\\Users\\richa\\Downloads\\Jungle_safari (2)\\Jungle_safari\\frontend\\node_modules\\@types\\.yargs-vg2eR6uZ',
384 silly reify   'C:\\Users\\richa\\Downloads\\Jungle_safari (2)\\Jungle_safari\\frontend\\node_modules\\@ungap\\structured-clone': 'C:\\Users\\richa\\Downloads\\Jungle_safari (2)\\Jungle_safari\\frontend\\node_modules\\@ungap\\.structured-clone-oqKLn6fW',
384 silly reify   'C:\\Users\\richa\\Downloads\\Jungle_safari (2)\\Jungle_safari\\frontend\\node_modules\\@yr\\monotone-cubic-spline': 'C:\\Users\\richa\\Downloads\\Jungle_safari (2)\\Jungle_safari\\frontend\\node_modules\\@yr\\.monotone-cubic-spline-igTJYjpL',
384 silly reify   'C:\\Users\\richa\\Downloads\\Jungle_safari (2)\\Jungle_safari\\frontend\\node_modules\\acorn-globals\\node_modules\\acorn': 'C:\\Users\\richa\\Downloads\\Jungle_safari (2)\\Jungle_safari\\frontend\\node_modules\\acorn-globals\\node_modules\\.acorn-VD93Jaku',
384 silly reify   'C:\\Users\\richa\\Downloads\\Jungle_safari (2)\\Jungle_safari\\frontend\\node_modules\\acorn-globals\\node_modules\\.bin\\acorn': 'C:\\Users\\richa\\Downloads\\Jungle_safari (2)\\Jungle_safari\\frontend\\node_modules\\acorn-globals\\node_modules\\.bin\\.acorn-JCidYxe3',
384 silly reify   'C:\\Users\\richa\\Downloads\\Jungle_safari (2)\\Jungle_safari\\frontend\\node_modules\\acorn-globals\\node_modules\\.bin\\acorn.cmd': 'C:\\Users\\richa\\Downloads\\Jungle_safari (2)\\Jungle_safari\\frontend\\node_modules\\acorn-globals\\node_modules\\.bin\\.acorn.cmd-r1yYKwrU',
384 silly reify   'C:\\Users\\richa\\Downloads\\Jungle_safari (2)\\Jungle_safari\\frontend\\node_modules\\acorn-globals\\node_modules\\.bin\\acorn.ps1': 'C:\\Users\\richa\\Downloads\\Jungle_safari (2)\\Jungle_safari\\frontend\\node_modules\\acorn-globals\\node_modules\\.bin\\.acorn.ps1-yrRusMaB',
384 silly reify   'C:\\Users\\richa\\Downloads\\Jungle_safari (2)\\Jungle_safari\\frontend\\node_modules\\ansi-html': 'C:\\Users\\richa\\Downloads\\Jungle_safari (2)\\Jungle_safari\\frontend\\node_modules\\.ansi-html-zv2z13hF',
384 silly reify   'C:\\Users\\richa\\Downloads\\Jungle_safari (2)\\Jungle_safari\\frontend\\node_modules\\.bin\\ansi-html': 'C:\\Users\\richa\\Downloads\\Jungle_safari (2)\\Jungle_safari\\frontend\\node_modules\\.bin\\.ansi-html-iiE1bTVY',
384 silly reify   'C:\\Users\\richa\\Downloads\\Jungle_safari (2)\\Jungle_safari\\frontend\\node_modules\\.bin\\ansi-html.cmd': 'C:\\Users\\richa\\Downloads\\Jungle_safari (2)\\Jungle_safari\\frontend\\node_modules\\.bin\\.ansi-html.cmd-1fT8n5q4',
384 silly reify   'C:\\Users\\richa\\Downloads\\Jungle_safari (2)\\Jungle_safari\\frontend\\node_modules\\.bin\\ansi-html.ps1': 'C:\\Users\\richa\\Downloads\\Jungle_safari (2)\\Jungle_safari\\frontend\\node_modules\\.bin\\.ansi-html.ps1-33VUpJpn',
384 silly reify   'C:\\Users\\richa\\Downloads\\Jungle_safari (2)\\Jungle_safari\\frontend\\node_modules\\ajv-formats\\node_modules\\ajv': 'C:\\Users\\richa\\Downloads\\Jungle_safari (2)\\Jungle_safari\\frontend\\node_modules\\ajv-formats\\node_modules\\.ajv-wQGAaEec',
384 silly reify   'C:\\Users\\richa\\Downloads\\Jungle_safari (2)\\Jungle_safari\\frontend\\node_modules\\ansi-html-community': 'C:\\Users\\richa\\Downloads\\Jungle_safari (2)\\Jungle_safari\\frontend\\node_modules\\.ansi-html-community-zipJbgNW',
384 silly reify   'C:\\Users\\richa\\Downloads\\Jungle_safari (2)\\Jungle_safari\\frontend\\node_modules\\css-blank-pseudo': 'C:\\Users\\richa\\Downloads\\Jungle_safari (2)\\Jungle_safari\\frontend\\node_modules\\.css-blank-pseudo-CfynSnaD',
384 silly reify   'C:\\Users\\richa\\Downloads\\Jungle_safari (2)\\Jungle_safari\\frontend\\node_modules\\.bin\\css-blank-pseudo': 'C:\\Users\\richa\\Downloads\\Jungle_safari (2)\\Jungle_safari\\frontend\\node_modules\\.bin\\.css-blank-pseudo-9TYO8JOW',
384 silly reify   'C:\\Users\\richa\\Downloads\\Jungle_safari (2)\\Jungle_safari\\frontend\\node_modules\\.bin\\css-blank-pseudo.cmd': 'C:\\Users\\richa\\Downloads\\Jungle_safari (2)\\Jungle_safari\\frontend\\node_modules\\.bin\\.css-blank-pseudo.cmd-sFlo0WqY',
384 silly reify   'C:\\Users\\richa\\Downloads\\Jungle_safari (2)\\Jungle_safari\\frontend\\node_modules\\.bin\\css-blank-pseudo.ps1': 'C:\\Users\\richa\\Downloads\\Jungle_safari (2)\\Jungle_safari\\frontend\\node_modules\\.bin\\.css-blank-pseudo.ps1-yWlJ3hCG',
384 silly reify   'C:\\Users\\richa\\Downloads\\Jungle_safari (2)\\Jungle_safari\\frontend\\node_modules\\css-has-pseudo': 'C:\\Users\\richa\\Downloads\\Jungle_safari (2)\\Jungle_safari\\frontend\\node_modules\\.css-has-pseudo-osylf86h',
384 silly reify   'C:\\Users\\richa\\Downloads\\Jungle_safari (2)\\Jungle_safari\\frontend\\node_modules\\.bin\\css-has-pseudo': 'C:\\Users\\richa\\Downloads\\Jungle_safari (2)\\Jungle_safari\\frontend\\node_modules\\.bin\\.css-has-pseudo-pZ1Od6ZT',
384 silly reify   'C:\\Users\\richa\\Downloads\\Jungle_safari (2)\\Jungle_safari\\frontend\\node_modules\\.bin\\css-has-pseudo.cmd': 'C:\\Users\\richa\\Downloads\\Jungle_safari (2)\\Jungle_safari\\frontend\\node_modules\\.bin\\.css-has-pseudo.cmd-2ibNWp6R',
384 silly reify   'C:\\Users\\richa\\Downloads\\Jungle_safari (2)\\Jungle_safari\\frontend\\node_modules\\.bin\\css-has-pseudo.ps1': 'C:\\Users\\richa\\Downloads\\Jungle_safari (2)\\Jungle_safari\\frontend\\node_modules\\.bin\\.css-has-pseudo.ps1-tyT6SYtQ',
384 silly reify   'C:\\Users\\richa\\Downloads\\Jungle_safari (2)\\Jungle_safari\\frontend\\node_modules\\css-prefers-color-scheme': 'C:\\Users\\richa\\Downloads\\Jungle_safari (2)\\Jungle_safari\\frontend\\node_modules\\.css-prefers-color-scheme-KFDARZAn',
384 silly reify   'C:\\Users\\richa\\Downloads\\Jungle_safari (2)\\Jungle_safari\\frontend\\node_modules\\.bin\\css-prefers-color-scheme': 'C:\\Users\\richa\\Downloads\\Jungle_safari (2)\\Jungle_safari\\frontend\\node_modules\\.bin\\.css-prefers-color-scheme-rx1Lgcc8',
384 silly reify   'C:\\Users\\richa\\Downloads\\Jungle_safari (2)\\Jungle_safari\\frontend\\node_modules\\.bin\\css-prefers-color-scheme.cmd': 'C:\\Users\\richa\\Downloads\\Jungle_safari (2)\\Jungle_safari\\frontend\\node_modules\\.bin\\.css-prefers-color-scheme.cmd-7OpCw9da',
384 silly reify   'C:\\Users\\richa\\Downloads\\Jungle_safari (2)\\Jungle_safari\\frontend\\node_modules\\.bin\\css-prefers-color-scheme.ps1': 'C:\\Users\\richa\\Downloads\\Jungle_safari (2)\\Jungle_safari\\frontend\\node_modules\\.bin\\.css-prefers-color-scheme.ps1-Rjo0Saru',
384 silly reify   'C:\\Users\\richa\\Downloads\\Jungle_safari (2)\\Jungle_safari\\frontend\\node_modules\\cssesc': 'C:\\Users\\richa\\Downloads\\Jungle_safari (2)\\Jungle_safari\\frontend\\node_modules\\.cssesc-gTU1qOMB',
384 silly reify   'C:\\Users\\richa\\Downloads\\Jungle_safari (2)\\Jungle_safari\\frontend\\node_modules\\.bin\\cssesc': 'C:\\Users\\richa\\Downloads\\Jungle_safari (2)\\Jungle_safari\\frontend\\node_modules\\.bin\\.cssesc-TsyT9H6w',
384 silly reify   'C:\\Users\\richa\\Downloads\\Jungle_safari (2)\\Jungle_safari\\frontend\\node_modules\\.bin\\cssesc.cmd': 'C:\\Users\\richa\\Downloads\\Jungle_safari (2)\\Jungle_safari\\frontend\\node_modules\\.bin\\.cssesc.cmd-fjTdZmwY',
384 silly reify   'C:\\Users\\richa\\Downloads\\Jungle_safari (2)\\Jungle_safari\\frontend\\node_modules\\.bin\\cssesc.ps1': 'C:\\Users\\richa\\Downloads\\Jungle_safari (2)\\Jungle_safari\\frontend\\node_modules\\.bin\\.cssesc.ps1-MQ5Fik7Q',
384 silly reify   'C:\\Users\\richa\\Downloads\\Jungle_safari (2)\\Jungle_safari\\frontend\\node_modules\\detect-port-alt': 'C:\\Users\\richa\\Downloads\\Jungle_safari (2)\\Jungle_safari\\frontend\\node_modules\\.detect-port-alt-HlXgVgS8',
384 silly reify   'C:\\Users\\richa\\Downloads\\Jungle_safari (2)\\Jungle_safari\\frontend\\node_modules\\.bin\\detect': 'C:\\Users\\richa\\Downloads\\Jungle_safari (2)\\Jungle_safari\\frontend\\node_modules\\.bin\\.detect-KEe1KX8Z',
384 silly reify   'C:\\Users\\richa\\Downloads\\Jungle_safari (2)\\Jungle_safari\\frontend\\node_modules\\.bin\\detect.cmd': 'C:\\Users\\richa\\Downloads\\Jungle_safari (2)\\Jungle_safari\\frontend\\node_modules\\.bin\\.detect.cmd-ZwkFkjYb',
384 silly reify   'C:\\Users\\richa\\Downloads\\Jungle_safari (2)\\Jungle_safari\\frontend\\node_modules\\.bin\\detect.ps1': 'C:\\Users\\richa\\Downloads\\Jungle_safari (2)\\Jungle_safari\\frontend\\node_modules\\.bin\\.detect.ps1-9uyNZ9kp',
384 silly reify   'C:\\Users\\richa\\Downloads\\Jungle_safari (2)\\Jungle_safari\\frontend\\node_modules\\.bin\\detect-port': 'C:\\Users\\richa\\Downloads\\Jungle_safari (2)\\Jungle_safari\\frontend\\node_modules\\.bin\\.detect-port-uz1UKhCX',
384 silly reify   'C:\\Users\\richa\\Downloads\\Jungle_safari (2)\\Jungle_safari\\frontend\\node_modules\\.bin\\detect-port.cmd': 'C:\\Users\\richa\\Downloads\\Jungle_safari (2)\\Jungle_safari\\frontend\\node_modules\\.bin\\.detect-port.cmd-qXnaJjDn',
384 silly reify   'C:\\Users\\richa\\Downloads\\Jungle_safari (2)\\Jungle_safari\\frontend\\node_modules\\.bin\\detect-port.ps1': 'C:\\Users\\richa\\Downloads\\Jungle_safari (2)\\Jungle_safari\\frontend\\node_modules\\.bin\\.detect-port.ps1-lfwa2nMs',
384 silly reify   'C:\\Users\\richa\\Downloads\\Jungle_safari (2)\\Jungle_safari\\frontend\\node_modules\\ejs': 'C:\\Users\\richa\\Downloads\\Jungle_safari (2)\\Jungle_safari\\frontend\\node_modules\\.ejs-A8PArRZ4',
384 silly reify   'C:\\Users\\richa\\Downloads\\Jungle_safari (2)\\Jungle_safari\\frontend\\node_modules\\.bin\\ejs': 'C:\\Users\\richa\\Downloads\\Jungle_safari (2)\\Jungle_safari\\frontend\\node_modules\\.bin\\.ejs-E6x30Sw5',
384 silly reify   'C:\\Users\\richa\\Downloads\\Jungle_safari (2)\\Jungle_safari\\frontend\\node_modules\\.bin\\ejs.cmd': 'C:\\Users\\richa\\Downloads\\Jungle_safari (2)\\Jungle_safari\\frontend\\node_modules\\.bin\\.ejs.cmd-WFC8dsFY',
384 silly reify   'C:\\Users\\richa\\Downloads\\Jungle_safari (2)\\Jungle_safari\\frontend\\node_modules\\.bin\\ejs.ps1': 'C:\\Users\\richa\\Downloads\\Jungle_safari (2)\\Jungle_safari\\frontend\\node_modules\\.bin\\.ejs.ps1-vniCgmiK',
384 silly reify   'C:\\Users\\richa\\Downloads\\Jungle_safari (2)\\Jungle_safari\\frontend\\node_modules\\escodegen': 'C:\\Users\\richa\\Downloads\\Jungle_safari (2)\\Jungle_safari\\frontend\\node_modules\\.escodegen-YCxcnwSP',
384 silly reify   'C:\\Users\\richa\\Downloads\\Jungle_safari (2)\\Jungle_safari\\frontend\\node_modules\\.bin\\esgenerate': 'C:\\Users\\richa\\Downloads\\Jungle_safari (2)\\Jungle_safari\\frontend\\node_modules\\.bin\\.esgenerate-kiIXGjV9',
384 silly reify   'C:\\Users\\richa\\Downloads\\Jungle_safari (2)\\Jungle_safari\\frontend\\node_modules\\.bin\\esgenerate.cmd': 'C:\\Users\\richa\\Downloads\\Jungle_safari (2)\\Jungle_safari\\frontend\\node_modules\\.bin\\.esgenerate.cmd-KS3HlUZr',
384 silly reify   'C:\\Users\\richa\\Downloads\\Jungle_safari (2)\\Jungle_safari\\frontend\\node_modules\\.bin\\esgenerate.ps1': 'C:\\Users\\richa\\Downloads\\Jungle_safari (2)\\Jungle_safari\\frontend\\node_modules\\.bin\\.esgenerate.ps1-BuS6xqNa',
384 silly reify   'C:\\Users\\richa\\Downloads\\Jungle_safari (2)\\Jungle_safari\\frontend\\node_modules\\.bin\\escodegen': 'C:\\Users\\richa\\Downloads\\Jungle_safari (2)\\Jungle_safari\\frontend\\node_modules\\.bin\\.escodegen-TBrhiZNw',
384 silly reify   'C:\\Users\\richa\\Downloads\\Jungle_safari (2)\\Jungle_safari\\frontend\\node_modules\\.bin\\escodegen.cmd': 'C:\\Users\\richa\\Downloads\\Jungle_safari (2)\\Jungle_safari\\frontend\\node_modules\\.bin\\.escodegen.cmd-S4WDZ7CC',
384 silly reify   'C:\\Users\\richa\\Downloads\\Jungle_safari (2)\\Jungle_safari\\frontend\\node_modules\\.bin\\escodegen.ps1': 'C:\\Users\\richa\\Downloads\\Jungle_safari (2)\\Jungle_safari\\frontend\\node_modules\\.bin\\.escodegen.ps1-88rMQlwE',
384 silly reify   'C:\\Users\\richa\\Downloads\\Jungle_safari (2)\\Jungle_safari\\frontend\\node_modules\\eslint': 'C:\\Users\\richa\\Downloads\\Jungle_safari (2)\\Jungle_safari\\frontend\\node_modules\\.eslint-v3vMQ3aF',
384 silly reify   'C:\\Users\\richa\\Downloads\\Jungle_safari (2)\\Jungle_safari\\frontend\\node_modules\\.bin\\eslint': 'C:\\Users\\richa\\Downloads\\Jungle_safari (2)\\Jungle_safari\\frontend\\node_modules\\.bin\\.eslint-h9cipesJ',
384 silly reify   'C:\\Users\\richa\\Downloads\\Jungle_safari (2)\\Jungle_safari\\frontend\\node_modules\\.bin\\eslint.cmd': 'C:\\Users\\richa\\Downloads\\Jungle_safari (2)\\Jungle_safari\\frontend\\node_modules\\.bin\\.eslint.cmd-r2GW8eCj',
384 silly reify   'C:\\Users\\richa\\Downloads\\Jungle_safari (2)\\Jungle_safari\\frontend\\node_modules\\.bin\\eslint.ps1': 'C:\\Users\\richa\\Downloads\\Jungle_safari (2)\\Jungle_safari\\frontend\\node_modules\\.bin\\.eslint.ps1-BWPvzUfN',
384 silly reify   'C:\\Users\\richa\\Downloads\\Jungle_safari (2)\\Jungle_safari\\frontend\\node_modules\\esprima': 'C:\\Users\\richa\\Downloads\\Jungle_safari (2)\\Jungle_safari\\frontend\\node_modules\\.esprima-KTCwA3f7',
384 silly reify   'C:\\Users\\richa\\Downloads\\Jungle_safari (2)\\Jungle_safari\\frontend\\node_modules\\.bin\\esparse': 'C:\\Users\\richa\\Downloads\\Jungle_safari (2)\\Jungle_safari\\frontend\\node_modules\\.bin\\.esparse-JLGMxPpI',
384 silly reify   'C:\\Users\\richa\\Downloads\\Jungle_safari (2)\\Jungle_safari\\frontend\\node_modules\\.bin\\esparse.cmd': 'C:\\Users\\richa\\Downloads\\Jungle_safari (2)\\Jungle_safari\\frontend\\node_modules\\.bin\\.esparse.cmd-z6mna9BS',
384 silly reify   'C:\\Users\\richa\\Downloads\\Jungle_safari (2)\\Jungle_safari\\frontend\\node_modules\\.bin\\esparse.ps1': 'C:\\Users\\richa\\Downloads\\Jungle_safari (2)\\Jungle_safari\\frontend\\node_modules\\.bin\\.esparse.ps1-PvySAFB0',
384 silly reify   'C:\\Users\\richa\\Downloads\\Jungle_safari (2)\\Jungle_safari\\frontend\\node_modules\\.bin\\esvalidate': 'C:\\Users\\richa\\Downloads\\Jungle_safari (2)\\Jungle_safari\\frontend\\node_modules\\.bin\\.esvalidate-AuM9Z6xh',
384 silly reify   'C:\\Users\\richa\\Downloads\\Jungle_safari (2)\\Jungle_safari\\frontend\\node_modules\\.bin\\esvalidate.cmd': 'C:\\Users\\richa\\Downloads\\Jungle_safari (2)\\Jungle_safari\\frontend\\node_modules\\.bin\\.esvalidate.cmd-FEp5jrsK',
384 silly reify   'C:\\Users\\richa\\Downloads\\Jungle_safari (2)\\Jungle_safari\\frontend\\node_modules\\.bin\\esvalidate.ps1': 'C:\\Users\\richa\\Downloads\\Jungle_safari (2)\\Jungle_safari\\frontend\\node_modules\\.bin\\.esvalidate.ps1-aGaCx3WJ',
384 silly reify   'C:\\Users\\richa\\Downloads\\Jungle_safari (2)\\Jungle_safari\\frontend\\node_modules\\global-prefix\\node_modules\\which': 'C:\\Users\\richa\\Downloads\\Jungle_safari (2)\\Jungle_safari\\frontend\\node_modules\\global-prefix\\node_modules\\.which-8Mm8ixlP',
384 silly reify   'C:\\Users\\richa\\Downloads\\Jungle_safari (2)\\Jungle_safari\\frontend\\node_modules\\global-prefix\\node_modules\\.bin\\which': 'C:\\Users\\richa\\Downloads\\Jungle_safari (2)\\Jungle_safari\\frontend\\node_modules\\global-prefix\\node_modules\\.bin\\.which-yvHtN0XL',
384 silly reify   'C:\\Users\\richa\\Downloads\\Jungle_safari (2)\\Jungle_safari\\frontend\\node_modules\\global-prefix\\node_modules\\.bin\\which.cmd': 'C:\\Users\\richa\\Downloads\\Jungle_safari (2)\\Jungle_safari\\frontend\\node_modules\\global-prefix\\node_modules\\.bin\\.which.cmd-jVGGh5ue',
384 silly reify   'C:\\Users\\richa\\Downloads\\Jungle_safari (2)\\Jungle_safari\\frontend\\node_modules\\global-prefix\\node_modules\\.bin\\which.ps1': 'C:\\Users\\richa\\Downloads\\Jungle_safari (2)\\Jungle_safari\\frontend\\node_modules\\global-prefix\\node_modules\\.bin\\.which.ps1-eUGX0dDL',
384 silly reify   'C:\\Users\\richa\\Downloads\\Jungle_safari (2)\\Jungle_safari\\frontend\\node_modules\\he': 'C:\\Users\\richa\\Downloads\\Jungle_safari (2)\\Jungle_safari\\frontend\\node_modules\\.he-eL66C7yf',
384 silly reify   'C:\\Users\\richa\\Downloads\\Jungle_safari (2)\\Jungle_safari\\frontend\\node_modules\\.bin\\he': 'C:\\Users\\richa\\Downloads\\Jungle_safari (2)\\Jungle_safari\\frontend\\node_modules\\.bin\\.he-ZPKo38eX',
384 silly reify   'C:\\Users\\richa\\Downloads\\Jungle_safari (2)\\Jungle_safari\\frontend\\node_modules\\.bin\\he.cmd': 'C:\\Users\\richa\\Downloads\\Jungle_safari (2)\\Jungle_safari\\frontend\\node_modules\\.bin\\.he.cmd-TPDRPkME',
384 silly reify   'C:\\Users\\richa\\Downloads\\Jungle_safari (2)\\Jungle_safari\\frontend\\node_modules\\.bin\\he.ps1': 'C:\\Users\\richa\\Downloads\\Jungle_safari (2)\\Jungle_safari\\frontend\\node_modules\\.bin\\.he.ps1-TCOoJFr8',
384 silly reify   'C:\\Users\\richa\\Downloads\\Jungle_safari (2)\\Jungle_safari\\frontend\\node_modules\\html-minifier-terser': 'C:\\Users\\richa\\Downloads\\Jungle_safari (2)\\Jungle_safari\\frontend\\node_modules\\.html-minifier-terser-nEcJHNcC',
384 silly reify   'C:\\Users\\richa\\Downloads\\Jungle_safari (2)\\Jungle_safari\\frontend\\node_modules\\.bin\\html-minifier-terser': 'C:\\Users\\richa\\Downloads\\Jungle_safari (2)\\Jungle_safari\\frontend\\node_modules\\.bin\\.html-minifier-terser-NShwBX62',
384 silly reify   'C:\\Users\\richa\\Downloads\\Jungle_safari (2)\\Jungle_safari\\frontend\\node_modules\\.bin\\html-minifier-terser.cmd': 'C:\\Users\\richa\\Downloads\\Jungle_safari (2)\\Jungle_safari\\frontend\\node_modules\\.bin\\.html-minifier-terser.cmd-6QIHULtz',
384 silly reify   'C:\\Users\\richa\\Downloads\\Jungle_safari (2)\\Jungle_safari\\frontend\\node_modules\\.bin\\html-minifier-terser.ps1': 'C:\\Users\\richa\\Downloads\\Jungle_safari (2)\\Jungle_safari\\frontend\\node_modules\\.bin\\.html-minifier-terser.ps1-0xVzC45F',
384 silly reify   'C:\\Users\\richa\\Downloads\\Jungle_safari (2)\\Jungle_safari\\frontend\\node_modules\\import-local': 'C:\\Users\\richa\\Downloads\\Jungle_safari (2)\\Jungle_safari\\frontend\\node_modules\\.import-local-5Wj0PvIU',
384 silly reify   'C:\\Users\\richa\\Downloads\\Jungle_safari (2)\\Jungle_safari\\frontend\\node_modules\\.bin\\import-local-fixture': 'C:\\Users\\richa\\Downloads\\Jungle_safari (2)\\Jungle_safari\\frontend\\node_modules\\.bin\\.import-local-fixture-4YeUBQBU',
384 silly reify   'C:\\Users\\richa\\Downloads\\Jungle_safari (2)\\Jungle_safari\\frontend\\node_modules\\.bin\\import-local-fixture.cmd': 'C:\\Users\\richa\\Downloads\\Jungle_safari (2)\\Jungle_safari\\frontend\\node_modules\\.bin\\.import-local-fixture.cmd-Zq6dC4JR',
384 silly reify   'C:\\Users\\richa\\Downloads\\Jungle_safari (2)\\Jungle_safari\\frontend\\node_modules\\.bin\\import-local-fixture.ps1': 'C:\\Users\\richa\\Downloads\\Jungle_safari (2)\\Jungle_safari\\frontend\\node_modules\\.bin\\.import-local-fixture.ps1-VWxsZ3PK',
384 silly reify   'C:\\Users\\richa\\Downloads\\Jungle_safari (2)\\Jungle_safari\\frontend\\node_modules\\is-docker': 'C:\\Users\\richa\\Downloads\\Jungle_safari (2)\\Jungle_safari\\frontend\\node_modules\\.is-docker-NefA2ZYb',
384 silly reify   'C:\\Users\\richa\\Downloads\\Jungle_safari (2)\\Jungle_safari\\frontend\\node_modules\\.bin\\is-docker': 'C:\\Users\\richa\\Downloads\\Jungle_safari (2)\\Jungle_safari\\frontend\\node_modules\\.bin\\.is-docker-yoiCTFWW',
384 silly reify   'C:\\Users\\richa\\Downloads\\Jungle_safari (2)\\Jungle_safari\\frontend\\node_modules\\.bin\\is-docker.cmd': 'C:\\Users\\richa\\Downloads\\Jungle_safari (2)\\Jungle_safari\\frontend\\node_modules\\.bin\\.is-docker.cmd-VZS0QCFl',
384 silly reify   'C:\\Users\\richa\\Downloads\\Jungle_safari (2)\\Jungle_safari\\frontend\\node_modules\\.bin\\is-docker.ps1': 'C:\\Users\\richa\\Downloads\\Jungle_safari (2)\\Jungle_safari\\frontend\\node_modules\\.bin\\.is-docker.ps1-VgDH5bDs',
384 silly reify   'C:\\Users\\richa\\Downloads\\Jungle_safari (2)\\Jungle_safari\\frontend\\node_modules\\istanbul-lib-instrument\\node_modules\\semver': 'C:\\Users\\richa\\Downloads\\Jungle_safari (2)\\Jungle_safari\\frontend\\node_modules\\istanbul-lib-instrument\\node_modules\\.semver-TDKSmUdN',
384 silly reify   'C:\\Users\\richa\\Downloads\\Jungle_safari (2)\\Jungle_safari\\frontend\\node_modules\\istanbul-lib-instrument\\node_modules\\.bin\\semver': 'C:\\Users\\richa\\Downloads\\Jungle_safari (2)\\Jungle_safari\\frontend\\node_modules\\istanbul-lib-instrument\\node_modules\\.bin\\.semver-akJoHL1E',
384 silly reify   'C:\\Users\\richa\\Downloads\\Jungle_safari (2)\\Jungle_safari\\frontend\\node_modules\\istanbul-lib-instrument\\node_modules\\.bin\\semver.cmd': 'C:\\Users\\richa\\Downloads\\Jungle_safari (2)\\Jungle_safari\\frontend\\node_modules\\istanbul-lib-instrument\\node_modules\\.bin\\.semver.cmd-42jWDGSu',
384 silly reify   'C:\\Users\\richa\\Downloads\\Jungle_safari (2)\\Jungle_safari\\frontend\\node_modules\\istanbul-lib-instrument\\node_modules\\.bin\\semver.ps1': 'C:\\Users\\richa\\Downloads\\Jungle_safari (2)\\Jungle_safari\\frontend\\node_modules\\istanbul-lib-instrument\\node_modules\\.bin\\.semver.ps1-0DjPXpLe',
384 silly reify   'C:\\Users\\richa\\Downloads\\Jungle_safari (2)\\Jungle_safari\\frontend\\node_modules\\jest': 'C:\\Users\\richa\\Downloads\\Jungle_safari (2)\\Jungle_safari\\frontend\\node_modules\\.jest-XfKEKvYe',
384 silly reify   'C:\\Users\\richa\\Downloads\\Jungle_safari (2)\\Jungle_safari\\frontend\\node_modules\\.bin\\jest': 'C:\\Users\\richa\\Downloads\\Jungle_safari (2)\\Jungle_safari\\frontend\\node_modules\\.bin\\.jest-zhsgUHWF',
384 silly reify   'C:\\Users\\richa\\Downloads\\Jungle_safari (2)\\Jungle_safari\\frontend\\node_modules\\.bin\\jest.cmd': 'C:\\Users\\richa\\Downloads\\Jungle_safari (2)\\Jungle_safari\\frontend\\node_modules\\.bin\\.jest.cmd-3bDaIc3s',
384 silly reify   'C:\\Users\\richa\\Downloads\\Jungle_safari (2)\\Jungle_safari\\frontend\\node_modules\\.bin\\jest.ps1': 'C:\\Users\\richa\\Downloads\\Jungle_safari (2)\\Jungle_safari\\frontend\\node_modules\\.bin\\.jest.ps1-fZrTXWTd',
384 silly reify   'C:\\Users\\richa\\Downloads\\Jungle_safari (2)\\Jungle_safari\\frontend\\node_modules\\jest-cli': 'C:\\Users\\richa\\Downloads\\Jungle_safari (2)\\Jungle_safari\\frontend\\node_modules\\.jest-cli-zyPSpb3Q',
384 silly reify   'C:\\Users\\richa\\Downloads\\Jungle_safari (2)\\Jungle_safari\\frontend\\node_modules\\jiti': 'C:\\Users\\richa\\Downloads\\Jungle_safari (2)\\Jungle_safari\\frontend\\node_modules\\.jiti-5yU2Bgwt',
384 silly reify   'C:\\Users\\richa\\Downloads\\Jungle_safari (2)\\Jungle_safari\\frontend\\node_modules\\.bin\\jiti': 'C:\\Users\\richa\\Downloads\\Jungle_safari (2)\\Jungle_safari\\frontend\\node_modules\\.bin\\.jiti-bCBHQI59',
384 silly reify   'C:\\Users\\richa\\Downloads\\Jungle_safari (2)\\Jungle_safari\\frontend\\node_modules\\.bin\\jiti.cmd': 'C:\\Users\\richa\\Downloads\\Jungle_safari (2)\\Jungle_safari\\frontend\\node_modules\\.bin\\.jiti.cmd-p5o0lzKP',
384 silly reify   'C:\\Users\\richa\\Downloads\\Jungle_safari (2)\\Jungle_safari\\frontend\\node_modules\\.bin\\jiti.ps1': 'C:\\Users\\richa\\Downloads\\Jungle_safari (2)\\Jungle_safari\\frontend\\node_modules\\.bin\\.jiti.ps1-yRRG5PnA',
384 silly reify   'C:\\Users\\richa\\Downloads\\Jungle_safari (2)\\Jungle_safari\\frontend\\node_modules\\jest-watch-typeahead\\node_modules\\strip-ansi': 'C:\\Users\\richa\\Downloads\\Jungle_safari (2)\\Jungle_safari\\frontend\\node_modules\\jest-watch-typeahead\\node_modules\\.strip-ansi-OIFtM6rg',
384 silly reify   'C:\\Users\\richa\\Downloads\\Jungle_safari (2)\\Jungle_safari\\frontend\\node_modules\\jest-watch-typeahead\\node_modules\\@types\\yargs': 'C:\\Users\\richa\\Downloads\\Jungle_safari (2)\\Jungle_safari\\frontend\\node_modules\\jest-watch-typeahead\\node_modules\\@types\\.yargs-4Q1Rp2NE',
384 silly reify   'C:\\Users\\richa\\Downloads\\Jungle_safari (2)\\Jungle_safari\\frontend\\node_modules\\jsesc': 'C:\\Users\\richa\\Downloads\\Jungle_safari (2)\\Jungle_safari\\frontend\\node_modules\\.jsesc-vH4OgUUN',
384 silly reify   'C:\\Users\\richa\\Downloads\\Jungle_safari (2)\\Jungle_safari\\frontend\\node_modules\\.bin\\jsesc': 'C:\\Users\\richa\\Downloads\\Jungle_safari (2)\\Jungle_safari\\frontend\\node_modules\\.bin\\.jsesc-bUGbvVoR',
384 silly reify   'C:\\Users\\richa\\Downloads\\Jungle_safari (2)\\Jungle_safari\\frontend\\node_modules\\.bin\\jsesc.cmd': 'C:\\Users\\richa\\Downloads\\Jungle_safari (2)\\Jungle_safari\\frontend\\node_modules\\.bin\\.jsesc.cmd-hadxssIV',
384 silly reify   'C:\\Users\\richa\\Downloads\\Jungle_safari (2)\\Jungle_safari\\frontend\\node_modules\\.bin\\jsesc.ps1': 'C:\\Users\\richa\\Downloads\\Jungle_safari (2)\\Jungle_safari\\frontend\\node_modules\\.bin\\.jsesc.ps1-lzXVUSq0',
384 silly reify   'C:\\Users\\richa\\Downloads\\Jungle_safari (2)\\Jungle_safari\\frontend\\node_modules\\jsdom\\node_modules\\form-data': 'C:\\Users\\richa\\Downloads\\Jungle_safari (2)\\Jungle_safari\\frontend\\node_modules\\jsdom\\node_modules\\.form-data-P1NHQP7k',
384 silly reify   'C:\\Users\\richa\\Downloads\\Jungle_safari (2)\\Jungle_safari\\frontend\\node_modules\\json5': 'C:\\Users\\richa\\Downloads\\Jungle_safari (2)\\Jungle_safari\\frontend\\node_modules\\.json5-zZ4hqYXV',
384 silly reify   'C:\\Users\\richa\\Downloads\\Jungle_safari (2)\\Jungle_safari\\frontend\\node_modules\\.bin\\json5': 'C:\\Users\\richa\\Downloads\\Jungle_safari (2)\\Jungle_safari\\frontend\\node_modules\\.bin\\.json5-OLSktiWo',
384 silly reify   'C:\\Users\\richa\\Downloads\\Jungle_safari (2)\\Jungle_safari\\frontend\\node_modules\\.bin\\json5.cmd': 'C:\\Users\\richa\\Downloads\\Jungle_safari (2)\\Jungle_safari\\frontend\\node_modules\\.bin\\.json5.cmd-FElXo8qX',
384 silly reify   'C:\\Users\\richa\\Downloads\\Jungle_safari (2)\\Jungle_safari\\frontend\\node_modules\\.bin\\json5.ps1': 'C:\\Users\\richa\\Downloads\\Jungle_safari (2)\\Jungle_safari\\frontend\\node_modules\\.bin\\.json5.ps1-ZgNE1cCa',
384 silly reify   'C:\\Users\\richa\\Downloads\\Jungle_safari (2)\\Jungle_safari\\frontend\\node_modules\\loose-envify': 'C:\\Users\\richa\\Downloads\\Jungle_safari (2)\\Jungle_safari\\frontend\\node_modules\\.loose-envify-C6cnjGfI',
384 silly reify   'C:\\Users\\richa\\Downloads\\Jungle_safari (2)\\Jungle_safari\\frontend\\node_modules\\.bin\\loose-envify': 'C:\\Users\\richa\\Downloads\\Jungle_safari (2)\\Jungle_safari\\frontend\\node_modules\\.bin\\.loose-envify-ByUgYFxR',
384 silly reify   'C:\\Users\\richa\\Downloads\\Jungle_safari (2)\\Jungle_safari\\frontend\\node_modules\\.bin\\loose-envify.cmd': 'C:\\Users\\richa\\Downloads\\Jungle_safari (2)\\Jungle_safari\\frontend\\node_modules\\.bin\\.loose-envify.cmd-jTSsowFl',
384 silly reify   'C:\\Users\\richa\\Downloads\\Jungle_safari (2)\\Jungle_safari\\frontend\\node_modules\\.bin\\loose-envify.ps1': 'C:\\Users\\richa\\Downloads\\Jungle_safari (2)\\Jungle_safari\\frontend\\node_modules\\.bin\\.loose-envify.ps1-ZhDtsLDC',
384 silly reify   'C:\\Users\\richa\\Downloads\\Jungle_safari (2)\\Jungle_safari\\frontend\\node_modules\\lz-string': 'C:\\Users\\richa\\Downloads\\Jungle_safari (2)\\Jungle_safari\\frontend\\node_modules\\.lz-string-n8bAHQb1',
384 silly reify   'C:\\Users\\richa\\Downloads\\Jungle_safari (2)\\Jungle_safari\\frontend\\node_modules\\.bin\\lz-string': 'C:\\Users\\richa\\Downloads\\Jungle_safari (2)\\Jungle_safari\\frontend\\node_modules\\.bin\\.lz-string-FUG190vZ',
384 silly reify   'C:\\Users\\richa\\Downloads\\Jungle_safari (2)\\Jungle_safari\\frontend\\node_modules\\.bin\\lz-string.cmd': 'C:\\Users\\richa\\Downloads\\Jungle_safari (2)\\Jungle_safari\\frontend\\node_modules\\.bin\\.lz-string.cmd-NdtTZXL0',
384 silly reify   'C:\\Users\\richa\\Downloads\\Jungle_safari (2)\\Jungle_safari\\frontend\\node_modules\\.bin\\lz-string.ps1': 'C:\\Users\\richa\\Downloads\\Jungle_safari (2)\\Jungle_safari\\frontend\\node_modules\\.bin\\.lz-string.ps1-A8BlRxTS',
384 silly reify   'C:\\Users\\richa\\Downloads\\Jungle_safari (2)\\Jungle_safari\\frontend\\node_modules\\make-dir\\node_modules\\semver': 'C:\\Users\\richa\\Downloads\\Jungle_safari (2)\\Jungle_safari\\frontend\\node_modules\\make-dir\\node_modules\\.semver-mPsD5swP',
384 silly reify   'C:\\Users\\richa\\Downloads\\Jungle_safari (2)\\Jungle_safari\\frontend\\node_modules\\make-dir\\node_modules\\.bin\\semver': 'C:\\Users\\richa\\Downloads\\Jungle_safari (2)\\Jungle_safari\\frontend\\node_modules\\make-dir\\node_modules\\.bin\\.semver-hu8IpYPv',
384 silly reify   'C:\\Users\\richa\\Downloads\\Jungle_safari (2)\\Jungle_safari\\frontend\\node_modules\\make-dir\\node_modules\\.bin\\semver.cmd': 'C:\\Users\\richa\\Downloads\\Jungle_safari (2)\\Jungle_safari\\frontend\\node_modules\\make-dir\\node_modules\\.bin\\.semver.cmd-x8ppJwha',
384 silly reify   'C:\\Users\\richa\\Downloads\\Jungle_safari (2)\\Jungle_safari\\frontend\\node_modules\\make-dir\\node_modules\\.bin\\semver.ps1': 'C:\\Users\\richa\\Downloads\\Jungle_safari (2)\\Jungle_safari\\frontend\\node_modules\\make-dir\\node_modules\\.bin\\.semver.ps1-PE9i4IJ0',
384 silly reify   'C:\\Users\\richa\\Downloads\\Jungle_safari (2)\\Jungle_safari\\frontend\\node_modules\\mime': 'C:\\Users\\richa\\Downloads\\Jungle_safari (2)\\Jungle_safari\\frontend\\node_modules\\.mime-SFYqKv47',
384 silly reify   'C:\\Users\\richa\\Downloads\\Jungle_safari (2)\\Jungle_safari\\frontend\\node_modules\\.bin\\mime': 'C:\\Users\\richa\\Downloads\\Jungle_safari (2)\\Jungle_safari\\frontend\\node_modules\\.bin\\.mime-YFVRiiW9',
384 silly reify   'C:\\Users\\richa\\Downloads\\Jungle_safari (2)\\Jungle_safari\\frontend\\node_modules\\.bin\\mime.cmd': 'C:\\Users\\richa\\Downloads\\Jungle_safari (2)\\Jungle_safari\\frontend\\node_modules\\.bin\\.mime.cmd-CpE6FyiY',
384 silly reify   'C:\\Users\\richa\\Downloads\\Jungle_safari (2)\\Jungle_safari\\frontend\\node_modules\\.bin\\mime.ps1': 'C:\\Users\\richa\\Downloads\\Jungle_safari (2)\\Jungle_safari\\frontend\\node_modules\\.bin\\.mime.ps1-Xk7BgBal',
384 silly reify   'C:\\Users\\richa\\Downloads\\Jungle_safari (2)\\Jungle_safari\\frontend\\node_modules\\mkdirp': 'C:\\Users\\richa\\Downloads\\Jungle_safari (2)\\Jungle_safari\\frontend\\node_modules\\.mkdirp-u6ufXu0X',
384 silly reify   'C:\\Users\\richa\\Downloads\\Jungle_safari (2)\\Jungle_safari\\frontend\\node_modules\\.bin\\mkdirp': 'C:\\Users\\richa\\Downloads\\Jungle_safari (2)\\Jungle_safari\\frontend\\node_modules\\.bin\\.mkdirp-sdY41wqi',
384 silly reify   'C:\\Users\\richa\\Downloads\\Jungle_safari (2)\\Jungle_safari\\frontend\\node_modules\\.bin\\mkdirp.cmd': 'C:\\Users\\richa\\Downloads\\Jungle_safari (2)\\Jungle_safari\\frontend\\node_modules\\.bin\\.mkdirp.cmd-LNfpnqpj',
384 silly reify   'C:\\Users\\richa\\Downloads\\Jungle_safari (2)\\Jungle_safari\\frontend\\node_modules\\.bin\\mkdirp.ps1': 'C:\\Users\\richa\\Downloads\\Jungle_safari (2)\\Jungle_safari\\frontend\\node_modules\\.bin\\.mkdirp.ps1-Rau0bTQH',
384 silly reify   'C:\\Users\\richa\\Downloads\\Jungle_safari (2)\\Jungle_safari\\frontend\\node_modules\\multicast-dns': 'C:\\Users\\richa\\Downloads\\Jungle_safari (2)\\Jungle_safari\\frontend\\node_modules\\.multicast-dns-QaDSiUDB',
384 silly reify   'C:\\Users\\richa\\Downloads\\Jungle_safari (2)\\Jungle_safari\\frontend\\node_modules\\.bin\\multicast-dns': 'C:\\Users\\richa\\Downloads\\Jungle_safari (2)\\Jungle_safari\\frontend\\node_modules\\.bin\\.multicast-dns-UFgN9cr0',
384 silly reify   'C:\\Users\\richa\\Downloads\\Jungle_safari (2)\\Jungle_safari\\frontend\\node_modules\\.bin\\multicast-dns.cmd': 'C:\\Users\\richa\\Downloads\\Jungle_safari (2)\\Jungle_safari\\frontend\\node_modules\\.bin\\.multicast-dns.cmd-4K8BjCe8',
384 silly reify   'C:\\Users\\richa\\Downloads\\Jungle_safari (2)\\Jungle_safari\\frontend\\node_modules\\.bin\\multicast-dns.ps1': 'C:\\Users\\richa\\Downloads\\Jungle_safari (2)\\Jungle_safari\\frontend\\node_modules\\.bin\\.multicast-dns.ps1-otESVuxn',
384 silly reify   'C:\\Users\\richa\\Downloads\\Jungle_safari (2)\\Jungle_safari\\frontend\\node_modules\\postcss-modules-local-by-default\\node_modules\\postcss-selector-parser': 'C:\\Users\\richa\\Downloads\\Jungle_safari (2)\\Jungle_safari\\frontend\\node_modules\\postcss-modules-local-by-default\\node_modules\\.postcss-selector-parser-henGU6hg',
384 silly reify   'C:\\Users\\richa\\Downloads\\Jungle_safari (2)\\Jungle_safari\\frontend\\node_modules\\postcss-modules-scope\\node_modules\\postcss-selector-parser': 'C:\\Users\\richa\\Downloads\\Jungle_safari (2)\\Jungle_safari\\frontend\\node_modules\\postcss-modules-scope\\node_modules\\.postcss-selector-parser-1sPCH2c4',
384 silly reify   'C:\\Users\\richa\\Downloads\\Jungle_safari (2)\\Jungle_safari\\frontend\\node_modules\\postcss-svgo\\node_modules\\svgo': 'C:\\Users\\richa\\Downloads\\Jungle_safari (2)\\Jungle_safari\\frontend\\node_modules\\postcss-svgo\\node_modules\\.svgo-VSxyycUz',
384 silly reify   'C:\\Users\\richa\\Downloads\\Jungle_safari (2)\\Jungle_safari\\frontend\\node_modules\\react-scripts': 'C:\\Users\\richa\\Downloads\\Jungle_safari (2)\\Jungle_safari\\frontend\\node_modules\\.react-scripts-AnK4zGFq',
384 silly reify   'C:\\Users\\richa\\Downloads\\Jungle_safari (2)\\Jungle_safari\\frontend\\node_modules\\.bin\\react-scripts': 'C:\\Users\\richa\\Downloads\\Jungle_safari (2)\\Jungle_safari\\frontend\\node_modules\\.bin\\.react-scripts-DWobHg10',
384 silly reify   'C:\\Users\\richa\\Downloads\\Jungle_safari (2)\\Jungle_safari\\frontend\\node_modules\\.bin\\react-scripts.cmd': 'C:\\Users\\richa\\Downloads\\Jungle_safari (2)\\Jungle_safari\\frontend\\node_modules\\.bin\\.react-scripts.cmd-mxpSKbux',
384 silly reify   'C:\\Users\\richa\\Downloads\\Jungle_safari (2)\\Jungle_safari\\frontend\\node_modules\\.bin\\react-scripts.ps1': 'C:\\Users\\richa\\Downloads\\Jungle_safari (2)\\Jungle_safari\\frontend\\node_modules\\.bin\\.react-scripts.ps1-WhggpBK3',
384 silly reify   'C:\\Users\\richa\\Downloads\\Jungle_safari (2)\\Jungle_safari\\frontend\\node_modules\\rimraf': 'C:\\Users\\richa\\Downloads\\Jungle_safari (2)\\Jungle_safari\\frontend\\node_modules\\.rimraf-WVKpisFL',
384 silly reify   'C:\\Users\\richa\\Downloads\\Jungle_safari (2)\\Jungle_safari\\frontend\\node_modules\\.bin\\rimraf': 'C:\\Users\\richa\\Downloads\\Jungle_safari (2)\\Jungle_safari\\frontend\\node_modules\\.bin\\.rimraf-EqheoODe',
384 silly reify   'C:\\Users\\richa\\Downloads\\Jungle_safari (2)\\Jungle_safari\\frontend\\node_modules\\.bin\\rimraf.cmd': 'C:\\Users\\richa\\Downloads\\Jungle_safari (2)\\Jungle_safari\\frontend\\node_modules\\.bin\\.rimraf.cmd-D074ObUk',
384 silly reify   'C:\\Users\\richa\\Downloads\\Jungle_safari (2)\\Jungle_safari\\frontend\\node_modules\\.bin\\rimraf.ps1': 'C:\\Users\\richa\\Downloads\\Jungle_safari (2)\\Jungle_safari\\frontend\\node_modules\\.bin\\.rimraf.ps1-rBwdiFt2',
384 silly reify   'C:\\Users\\richa\\Downloads\\Jungle_safari (2)\\Jungle_safari\\frontend\\node_modules\\svgo': 'C:\\Users\\richa\\Downloads\\Jungle_safari (2)\\Jungle_safari\\frontend\\node_modules\\.svgo-sTU8wbFd',
384 silly reify   'C:\\Users\\richa\\Downloads\\Jungle_safari (2)\\Jungle_safari\\frontend\\node_modules\\.bin\\svgo': 'C:\\Users\\richa\\Downloads\\Jungle_safari (2)\\Jungle_safari\\frontend\\node_modules\\.bin\\.svgo-XpxWLgVk',
384 silly reify   'C:\\Users\\richa\\Downloads\\Jungle_safari (2)\\Jungle_safari\\frontend\\node_modules\\.bin\\svgo.cmd': 'C:\\Users\\richa\\Downloads\\Jungle_safari (2)\\Jungle_safari\\frontend\\node_modules\\.bin\\.svgo.cmd-aTySc9vs',
384 silly reify   'C:\\Users\\richa\\Downloads\\Jungle_safari (2)\\Jungle_safari\\frontend\\node_modules\\.bin\\svgo.ps1': 'C:\\Users\\richa\\Downloads\\Jungle_safari (2)\\Jungle_safari\\frontend\\node_modules\\.bin\\.svgo.ps1-RboBgM2b',
384 silly reify   'C:\\Users\\richa\\Downloads\\Jungle_safari (2)\\Jungle_safari\\frontend\\node_modules\\tsconfig-paths\\node_modules\\json5': 'C:\\Users\\richa\\Downloads\\Jungle_safari (2)\\Jungle_safari\\frontend\\node_modules\\tsconfig-paths\\node_modules\\.json5-GZPFzKz5',
384 silly reify   'C:\\Users\\richa\\Downloads\\Jungle_safari (2)\\Jungle_safari\\frontend\\node_modules\\tsconfig-paths\\node_modules\\.bin\\json5': 'C:\\Users\\richa\\Downloads\\Jungle_safari (2)\\Jungle_safari\\frontend\\node_modules\\tsconfig-paths\\node_modules\\.bin\\.json5-dyEGL4QV',
384 silly reify   'C:\\Users\\richa\\Downloads\\Jungle_safari (2)\\Jungle_safari\\frontend\\node_modules\\tsconfig-paths\\node_modules\\.bin\\json5.cmd': 'C:\\Users\\richa\\Downloads\\Jungle_safari (2)\\Jungle_safari\\frontend\\node_modules\\tsconfig-paths\\node_modules\\.bin\\.json5.cmd-PdXhz9tp',
384 silly reify   'C:\\Users\\richa\\Downloads\\Jungle_safari (2)\\Jungle_safari\\frontend\\node_modules\\tsconfig-paths\\node_modules\\.bin\\json5.ps1': 'C:\\Users\\richa\\Downloads\\Jungle_safari (2)\\Jungle_safari\\frontend\\node_modules\\tsconfig-paths\\node_modules\\.bin\\.json5.ps1-7qt3uSqe',
384 silly reify   'C:\\Users\\richa\\Downloads\\Jungle_safari (2)\\Jungle_safari\\frontend\\node_modules\\typescript': 'C:\\Users\\richa\\Downloads\\Jungle_safari (2)\\Jungle_safari\\frontend\\node_modules\\.typescript-Bxa9b0ia',
384 silly reify   'C:\\Users\\richa\\Downloads\\Jungle_safari (2)\\Jungle_safari\\frontend\\node_modules\\.bin\\tsc': 'C:\\Users\\richa\\Downloads\\Jungle_safari (2)\\Jungle_safari\\frontend\\node_modules\\.bin\\.tsc-SN07pf47',
384 silly reify   'C:\\Users\\richa\\Downloads\\Jungle_safari (2)\\Jungle_safari\\frontend\\node_modules\\.bin\\tsc.cmd': 'C:\\Users\\richa\\Downloads\\Jungle_safari (2)\\Jungle_safari\\frontend\\node_modules\\.bin\\.tsc.cmd-91VvLVsK',
384 silly reify   'C:\\Users\\richa\\Downloads\\Jungle_safari (2)\\Jungle_safari\\frontend\\node_modules\\.bin\\tsc.ps1': 'C:\\Users\\richa\\Downloads\\Jungle_safari (2)\\Jungle_safari\\frontend\\node_modules\\.bin\\.tsc.ps1-wlU92TCu',
384 silly reify   'C:\\Users\\richa\\Downloads\\Jungle_safari (2)\\Jungle_safari\\frontend\\node_modules\\.bin\\tsserver': 'C:\\Users\\richa\\Downloads\\Jungle_safari (2)\\Jungle_safari\\frontend\\node_modules\\.bin\\.tsserver-aBKsz661',
384 silly reify   'C:\\Users\\richa\\Downloads\\Jungle_safari (2)\\Jungle_safari\\frontend\\node_modules\\.bin\\tsserver.cmd': 'C:\\Users\\richa\\Downloads\\Jungle_safari (2)\\Jungle_safari\\frontend\\node_modules\\.bin\\.tsserver.cmd-hRxXQBfH',
384 silly reify   'C:\\Users\\richa\\Downloads\\Jungle_safari (2)\\Jungle_safari\\frontend\\node_modules\\.bin\\tsserver.ps1': 'C:\\Users\\richa\\Downloads\\Jungle_safari (2)\\Jungle_safari\\frontend\\node_modules\\.bin\\.tsserver.ps1-UkwQEJtK',
384 silly reify   'C:\\Users\\richa\\Downloads\\Jungle_safari (2)\\Jungle_safari\\frontend\\node_modules\\uuid': 'C:\\Users\\richa\\Downloads\\Jungle_safari (2)\\Jungle_safari\\frontend\\node_modules\\.uuid-A4V4CT8t',
384 silly reify   'C:\\Users\\richa\\Downloads\\Jungle_safari (2)\\Jungle_safari\\frontend\\node_modules\\.bin\\uuid': 'C:\\Users\\richa\\Downloads\\Jungle_safari (2)\\Jungle_safari\\frontend\\node_modules\\.bin\\.uuid-d7zT1le3',
384 silly reify   'C:\\Users\\richa\\Downloads\\Jungle_safari (2)\\Jungle_safari\\frontend\\node_modules\\.bin\\uuid.cmd': 'C:\\Users\\richa\\Downloads\\Jungle_safari (2)\\Jungle_safari\\frontend\\node_modules\\.bin\\.uuid.cmd-oMvIl3Yx',
384 silly reify   'C:\\Users\\richa\\Downloads\\Jungle_safari (2)\\Jungle_safari\\frontend\\node_modules\\.bin\\uuid.ps1': 'C:\\Users\\richa\\Downloads\\Jungle_safari (2)\\Jungle_safari\\frontend\\node_modules\\.bin\\.uuid.ps1-DWJ9mUhl',
384 silly reify   'C:\\Users\\richa\\Downloads\\Jungle_safari (2)\\Jungle_safari\\frontend\\node_modules\\v8-to-istanbul\\node_modules\\source-map': 'C:\\Users\\richa\\Downloads\\Jungle_safari (2)\\Jungle_safari\\frontend\\node_modules\\v8-to-istanbul\\node_modules\\.source-map-H87HxPVk',
384 silly reify   'C:\\Users\\richa\\Downloads\\Jungle_safari (2)\\Jungle_safari\\frontend\\node_modules\\webpack-dev-server': 'C:\\Users\\richa\\Downloads\\Jungle_safari (2)\\Jungle_safari\\frontend\\node_modules\\.webpack-dev-server-KtKebbgZ',
384 silly reify   'C:\\Users\\richa\\Downloads\\Jungle_safari (2)\\Jungle_safari\\frontend\\node_modules\\.bin\\webpack-dev-server': 'C:\\Users\\richa\\Downloads\\Jungle_safari (2)\\Jungle_safari\\frontend\\node_modules\\.bin\\.webpack-dev-server-zsdBBLSn',
384 silly reify   'C:\\Users\\richa\\Downloads\\Jungle_safari (2)\\Jungle_safari\\frontend\\node_modules\\.bin\\webpack-dev-server.cmd': 'C:\\Users\\richa\\Downloads\\Jungle_safari (2)\\Jungle_safari\\frontend\\node_modules\\.bin\\.webpack-dev-server.cmd-CCSANzBt',
384 silly reify   'C:\\Users\\richa\\Downloads\\Jungle_safari (2)\\Jungle_safari\\frontend\\node_modules\\.bin\\webpack-dev-server.ps1': 'C:\\Users\\richa\\Downloads\\Jungle_safari (2)\\Jungle_safari\\frontend\\node_modules\\.bin\\.webpack-dev-server.ps1-dJAEGrsP',
384 silly reify   'C:\\Users\\richa\\Downloads\\Jungle_safari (2)\\Jungle_safari\\frontend\\node_modules\\which': 'C:\\Users\\richa\\Downloads\\Jungle_safari (2)\\Jungle_safari\\frontend\\node_modules\\.which-Qth3VrXt',
384 silly reify   'C:\\Users\\richa\\Downloads\\Jungle_safari (2)\\Jungle_safari\\frontend\\node_modules\\.bin\\node-which': 'C:\\Users\\richa\\Downloads\\Jungle_safari (2)\\Jungle_safari\\frontend\\node_modules\\.bin\\.node-which-vfxOyQu8',
384 silly reify   'C:\\Users\\richa\\Downloads\\Jungle_safari (2)\\Jungle_safari\\frontend\\node_modules\\.bin\\node-which.cmd': 'C:\\Users\\richa\\Downloads\\Jungle_safari (2)\\Jungle_safari\\frontend\\node_modules\\.bin\\.node-which.cmd-WQQHZAWJ',
384 silly reify   'C:\\Users\\richa\\Downloads\\Jungle_safari (2)\\Jungle_safari\\frontend\\node_modules\\.bin\\node-which.ps1': 'C:\\Users\\richa\\Downloads\\Jungle_safari (2)\\Jungle_safari\\frontend\\node_modules\\.bin\\.node-which.ps1-3A0sacxT',
384 silly reify   'C:\\Users\\richa\\Downloads\\Jungle_safari (2)\\Jungle_safari\\frontend\\node_modules\\workbox-build\\node_modules\\ajv': 'C:\\Users\\richa\\Downloads\\Jungle_safari (2)\\Jungle_safari\\frontend\\node_modules\\workbox-build\\node_modules\\.ajv-pOwu3w5M',
384 silly reify   'C:\\Users\\richa\\Downloads\\Jungle_safari (2)\\Jungle_safari\\frontend\\node_modules\\workbox-build\\node_modules\\@apideck\\better-ajv-errors': 'C:\\Users\\richa\\Downloads\\Jungle_safari (2)\\Jungle_safari\\frontend\\node_modules\\workbox-build\\node_modules\\@apideck\\.better-ajv-errors-QOezKnIC',
384 silly reify   'C:\\Users\\richa\\Downloads\\Jungle_safari (2)\\Jungle_safari\\frontend\\node_modules\\@eslint\\eslintrc\\node_modules\\js-yaml': 'C:\\Users\\richa\\Downloads\\Jungle_safari (2)\\Jungle_safari\\frontend\\node_modules\\@eslint\\eslintrc\\node_modules\\.js-yaml-3hip8ILg'
384 silly reify }
385 verbose reify failed optional dependency C:\Users\richa\Downloads\Jungle_safari (2)\Jungle_safari\frontend\node_modules\fsevents
386 silly reify mark deleted [
386 silly reify   'C:\\Users\\richa\\Downloads\\Jungle_safari (2)\\Jungle_safari\\frontend\\node_modules\\fsevents'
386 silly reify ]
387 silly tarball no local data for which@https://registry.npmjs.org/which/-/which-2.0.2.tgz. Extracting by manifest.
388 silly tarball no local data for webpack-dev-server@https://registry.npmjs.org/webpack-dev-server/-/webpack-dev-server-4.15.2.tgz. Extracting by manifest.
389 silly tarball no local data for uuid@https://registry.npmjs.org/uuid/-/uuid-8.3.2.tgz. Extracting by manifest.
390 silly tarball no local data for typescript@https://registry.npmjs.org/typescript/-/typescript-4.9.5.tgz. Extracting by manifest.
391 silly tarball no local data for rimraf@https://registry.npmjs.org/rimraf/-/rimraf-3.0.2.tgz. Extracting by manifest.
392 silly tarball no local data for svgo@https://registry.npmjs.org/svgo/-/svgo-1.3.2.tgz. Extracting by manifest.
393 silly tarball no local data for multicast-dns@https://registry.npmjs.org/multicast-dns/-/multicast-dns-7.2.5.tgz. Extracting by manifest.
394 silly tarball no local data for react-scripts@https://registry.npmjs.org/react-scripts/-/react-scripts-5.0.1.tgz. Extracting by manifest.
395 silly tarball no local data for mime@https://registry.npmjs.org/mime/-/mime-1.6.0.tgz. Extracting by manifest.
396 silly tarball no local data for mkdirp@https://registry.npmjs.org/mkdirp/-/mkdirp-0.5.6.tgz. Extracting by manifest.
397 silly tarball no local data for lz-string@https://registry.npmjs.org/lz-string/-/lz-string-1.5.0.tgz. Extracting by manifest.
398 silly tarball no local data for loose-envify@https://registry.npmjs.org/loose-envify/-/loose-envify-1.4.0.tgz. Extracting by manifest.
399 silly tarball no local data for json5@https://registry.npmjs.org/json5/-/json5-2.2.3.tgz. Extracting by manifest.
400 silly tarball no local data for jsesc@https://registry.npmjs.org/jsesc/-/jsesc-3.1.0.tgz. Extracting by manifest.
401 silly tarball no local data for jiti@https://registry.npmjs.org/jiti/-/jiti-1.21.7.tgz. Extracting by manifest.
402 silly tarball no local data for jest-cli@https://registry.npmjs.org/jest-cli/-/jest-cli-27.5.1.tgz. Extracting by manifest.
403 silly tarball no local data for jest@https://registry.npmjs.org/jest/-/jest-27.5.1.tgz. Extracting by manifest.
404 silly tarball no local data for is-docker@https://registry.npmjs.org/is-docker/-/is-docker-2.2.1.tgz. Extracting by manifest.
405 silly tarball no local data for import-local@https://registry.npmjs.org/import-local/-/import-local-3.2.0.tgz. Extracting by manifest.
406 silly tarball no local data for html-minifier-terser@https://registry.npmjs.org/html-minifier-terser/-/html-minifier-terser-6.1.0.tgz. Extracting by manifest.
407 silly tarball no local data for he@https://registry.npmjs.org/he/-/he-1.2.0.tgz. Extracting by manifest.
408 silly tarball no local data for esprima@https://registry.npmjs.org/esprima/-/esprima-4.0.1.tgz. Extracting by manifest.
409 silly tarball no local data for eslint@https://registry.npmjs.org/eslint/-/eslint-8.57.1.tgz. Extracting by manifest.
410 silly tarball no local data for escodegen@https://registry.npmjs.org/escodegen/-/escodegen-2.1.0.tgz. Extracting by manifest.
411 silly tarball no local data for ejs@https://registry.npmjs.org/ejs/-/ejs-3.1.10.tgz. Extracting by manifest.
412 silly tarball no local data for detect-port-alt@https://registry.npmjs.org/detect-port-alt/-/detect-port-alt-1.1.6.tgz. Extracting by manifest.
413 silly tarball no local data for cssesc@https://registry.npmjs.org/cssesc/-/cssesc-3.0.0.tgz. Extracting by manifest.
414 silly tarball no local data for css-has-pseudo@https://registry.npmjs.org/css-has-pseudo/-/css-has-pseudo-3.0.4.tgz. Extracting by manifest.
415 silly tarball no local data for css-prefers-color-scheme@https://registry.npmjs.org/css-prefers-color-scheme/-/css-prefers-color-scheme-6.0.3.tgz. Extracting by manifest.
416 silly tarball no local data for ansi-html-community@https://registry.npmjs.org/ansi-html-community/-/ansi-html-community-0.0.8.tgz. Extracting by manifest.
417 silly tarball no local data for ansi-html@https://registry.npmjs.org/ansi-html/-/ansi-html-0.0.9.tgz. Extracting by manifest.
418 silly tarball no local data for @yr/monotone-cubic-spline@https://registry.npmjs.org/@yr/monotone-cubic-spline/-/monotone-cubic-spline-1.0.3.tgz. Extracting by manifest.
419 silly tarball no local data for css-blank-pseudo@https://registry.npmjs.org/css-blank-pseudo/-/css-blank-pseudo-3.0.3.tgz. Extracting by manifest.
420 silly tarball no local data for @ungap/structured-clone@https://registry.npmjs.org/@ungap/structured-clone/-/structured-clone-1.3.0.tgz. Extracting by manifest.
421 silly tarball no local data for @types/yargs@https://registry.npmjs.org/@types/yargs/-/yargs-16.0.9.tgz. Extracting by manifest.
422 silly tarball no local data for @types/ws@https://registry.npmjs.org/@types/ws/-/ws-8.18.0.tgz. Extracting by manifest.
423 silly tarball no local data for @types/serve-static@https://registry.npmjs.org/@types/serve-static/-/serve-static-1.15.7.tgz. Extracting by manifest.
424 silly tarball no local data for @types/react-transition-group@https://registry.npmjs.org/@types/react-transition-group/-/react-transition-group-4.4.12.tgz. Extracting by manifest.
425 silly tarball no local data for @types/semver@https://registry.npmjs.org/@types/semver/-/semver-7.5.8.tgz. Extracting by manifest.
426 silly tarball no local data for @types/react-dom@https://registry.npmjs.org/@types/react-dom/-/react-dom-18.3.5.tgz. Extracting by manifest.
427 silly tarball no local data for @types/send@https://registry.npmjs.org/@types/send/-/send-0.17.4.tgz. Extracting by manifest.
428 silly tarball no local data for @types/qs@https://registry.npmjs.org/@types/qs/-/qs-6.9.18.tgz. Extracting by manifest.
429 silly tarball no local data for @types/node-forge@https://registry.npmjs.org/@types/node-forge/-/node-forge-1.3.11.tgz. Extracting by manifest.
430 silly tarball no local data for @types/react@https://registry.npmjs.org/@types/react/-/react-18.3.19.tgz. Extracting by manifest.
431 silly tarball no local data for @types/prop-types@https://registry.npmjs.org/@types/prop-types/-/prop-types-15.7.14.tgz. Extracting by manifest.
432 silly tarball no local data for @types/node@https://registry.npmjs.org/@types/node/-/node-22.13.10.tgz. Extracting by manifest.
433 silly tarball no local data for @types/http-errors@https://registry.npmjs.org/@types/http-errors/-/http-errors-2.0.4.tgz. Extracting by manifest.
434 silly tarball no local data for @types/jest@https://registry.npmjs.org/@types/jest/-/jest-29.5.14.tgz. Extracting by manifest.
435 silly tarball no local data for @types/http-proxy@https://registry.npmjs.org/@types/http-proxy/-/http-proxy-1.17.16.tgz. Extracting by manifest.
436 silly tarball no local data for @types/express-serve-static-core@https://registry.npmjs.org/@types/express-serve-static-core/-/express-serve-static-core-5.0.6.tgz. Extracting by manifest.
437 silly tarball no local data for @types/eslint-scope@https://registry.npmjs.org/@types/eslint-scope/-/eslint-scope-3.7.7.tgz. Extracting by manifest.
438 silly tarball no local data for @types/express@https://registry.npmjs.org/@types/express/-/express-4.17.21.tgz. Extracting by manifest.
439 silly tarball no local data for @types/estree@https://registry.npmjs.org/@types/estree/-/estree-1.0.6.tgz. Extracting by manifest.
440 silly tarball no local data for @types/body-parser@https://registry.npmjs.org/@types/body-parser/-/body-parser-1.19.5.tgz. Extracting by manifest.
441 silly tarball no local data for @types/babel__traverse@https://registry.npmjs.org/@types/babel__traverse/-/babel__traverse-7.20.6.tgz. Extracting by manifest.
442 silly tarball no local data for @types/babel__generator@https://registry.npmjs.org/@types/babel__generator/-/babel__generator-7.6.8.tgz. Extracting by manifest.
443 silly tarball no local data for @testing-library/dom@https://registry.npmjs.org/@testing-library/dom/-/dom-10.4.0.tgz. Extracting by manifest.
444 silly tarball no local data for @trysound/sax@https://registry.npmjs.org/@trysound/sax/-/sax-0.2.0.tgz. Extracting by manifest.
445 silly tarball no local data for @svgdotjs/svg.resize.js@https://registry.npmjs.org/@svgdotjs/svg.resize.js/-/svg.resize.js-2.0.5.tgz. Extracting by manifest.
446 silly tarball no local data for @svgdotjs/svg.select.js@https://registry.npmjs.org/@svgdotjs/svg.select.js/-/svg.select.js-4.0.2.tgz. Extracting by manifest.
447 silly tarball no local data for @svgdotjs/svg.draggable.js@https://registry.npmjs.org/@svgdotjs/svg.draggable.js/-/svg.draggable.js-3.0.6.tgz. Extracting by manifest.
448 silly tarball no local data for @svgdotjs/svg.js@https://registry.npmjs.org/@svgdotjs/svg.js/-/svg.js-3.2.4.tgz. Extracting by manifest.
449 silly tarball no local data for @rushstack/eslint-patch@https://registry.npmjs.org/@rushstack/eslint-patch/-/eslint-patch-1.11.0.tgz. Extracting by manifest.
450 silly tarball no local data for @socket.io/component-emitter@https://registry.npmjs.org/@socket.io/component-emitter/-/component-emitter-3.1.2.tgz. Extracting by manifest.
451 silly tarball no local data for @popperjs/core@https://registry.npmjs.org/@popperjs/core/-/core-2.11.8.tgz. Extracting by manifest.
452 silly tarball no local data for @svgdotjs/svg.filter.js@https://registry.npmjs.org/@svgdotjs/svg.filter.js/-/svg.filter.js-3.0.9.tgz. Extracting by manifest.
453 silly tarball no local data for @pmmmwh/react-refresh-webpack-plugin@https://registry.npmjs.org/@pmmmwh/react-refresh-webpack-plugin/-/react-refresh-webpack-plugin-0.5.15.tgz. Extracting by manifest.
454 silly tarball no local data for @remix-run/router@https://registry.npmjs.org/@remix-run/router/-/router-1.6.1.tgz. Extracting by manifest.
455 silly tarball no local data for @pkgjs/parseargs@https://registry.npmjs.org/@pkgjs/parseargs/-/parseargs-0.11.0.tgz. Extracting by manifest.
456 silly tarball no local data for @mui/utils@https://registry.npmjs.org/@mui/utils/-/utils-5.17.1.tgz. Extracting by manifest.
457 silly tarball no local data for @mui/private-theming@https://registry.npmjs.org/@mui/private-theming/-/private-theming-5.17.1.tgz. Extracting by manifest.
458 silly tarball no local data for @mui/types@https://registry.npmjs.org/@mui/types/-/types-7.2.24.tgz. Extracting by manifest.
459 silly tarball no local data for @mui/system@https://registry.npmjs.org/@mui/system/-/system-5.17.1.tgz. Extracting by manifest.
460 silly tarball no local data for @mui/styled-engine@https://registry.npmjs.org/@mui/styled-engine/-/styled-engine-5.16.14.tgz. Extracting by manifest.
461 silly tarball no local data for @mui/material@https://registry.npmjs.org/@mui/material/-/material-5.17.1.tgz. Extracting by manifest.
462 silly tarball no local data for @mui/icons-material@https://registry.npmjs.org/@mui/icons-material/-/icons-material-5.17.1.tgz. Extracting by manifest.
463 silly tarball no local data for @mui/core-downloads-tracker@https://registry.npmjs.org/@mui/core-downloads-tracker/-/core-downloads-tracker-5.17.1.tgz. Extracting by manifest.
464 silly tarball no local data for @jridgewell/trace-mapping@https://registry.npmjs.org/@jridgewell/trace-mapping/-/trace-mapping-0.3.25.tgz. Extracting by manifest.
465 silly tarball no local data for @jridgewell/source-map@https://registry.npmjs.org/@jridgewell/source-map/-/source-map-0.3.6.tgz. Extracting by manifest.
466 silly tarball no local data for @jridgewell/set-array@https://registry.npmjs.org/@jridgewell/set-array/-/set-array-1.2.1.tgz. Extracting by manifest.
467 silly tarball no local data for @jridgewell/sourcemap-codec@https://registry.npmjs.org/@jridgewell/sourcemap-codec/-/sourcemap-codec-1.5.0.tgz. Extracting by manifest.
468 silly tarball no local data for @jridgewell/gen-mapping@https://registry.npmjs.org/@jridgewell/gen-mapping/-/gen-mapping-0.3.8.tgz. Extracting by manifest.
469 silly tarball no local data for @jest/expect-utils@https://registry.npmjs.org/@jest/expect-utils/-/expect-utils-29.7.0.tgz. Extracting by manifest.
470 silly tarball no local data for @istanbuljs/schema@https://registry.npmjs.org/@istanbuljs/schema/-/schema-0.1.3.tgz. Extracting by manifest.
471 silly tarball no local data for @eslint-community/eslint-utils@https://registry.npmjs.org/@eslint-community/eslint-utils/-/eslint-utils-4.5.1.tgz. Extracting by manifest.
472 silly tarball no local data for @isaacs/cliui@https://registry.npmjs.org/@isaacs/cliui/-/cliui-8.0.2.tgz. Extracting by manifest.
473 silly tarball no local data for @eslint-community/regexpp@https://registry.npmjs.org/@eslint-community/regexpp/-/regexpp-4.12.1.tgz. Extracting by manifest.
474 silly tarball no local data for @emotion/weak-memoize@https://registry.npmjs.org/@emotion/weak-memoize/-/weak-memoize-0.4.0.tgz. Extracting by manifest.
475 silly tarball no local data for @emotion/utils@https://registry.npmjs.org/@emotion/utils/-/utils-1.4.2.tgz. Extracting by manifest.
476 silly tarball no local data for @emotion/styled@https://registry.npmjs.org/@emotion/styled/-/styled-11.14.0.tgz. Extracting by manifest.
477 silly tarball no local data for @emotion/unitless@https://registry.npmjs.org/@emotion/unitless/-/unitless-0.10.0.tgz. Extracting by manifest.
478 silly tarball no local data for @emotion/use-insertion-effect-with-fallbacks@https://registry.npmjs.org/@emotion/use-insertion-effect-with-fallbacks/-/use-insertion-effect-with-fallbacks-1.2.0.tgz. Extracting by manifest.
479 silly tarball no local data for @emotion/sheet@https://registry.npmjs.org/@emotion/sheet/-/sheet-1.4.0.tgz. Extracting by manifest.
480 silly tarball no local data for @emotion/serialize@https://registry.npmjs.org/@emotion/serialize/-/serialize-1.3.3.tgz. Extracting by manifest.
481 silly tarball no local data for @emotion/react@https://registry.npmjs.org/@emotion/react/-/react-11.14.0.tgz. Extracting by manifest.
482 silly tarball no local data for @emotion/memoize@https://registry.npmjs.org/@emotion/memoize/-/memoize-0.9.0.tgz. Extracting by manifest.
483 silly tarball no local data for @emotion/is-prop-valid@https://registry.npmjs.org/@emotion/is-prop-valid/-/is-prop-valid-1.3.1.tgz. Extracting by manifest.
484 silly tarball no local data for @emotion/hash@https://registry.npmjs.org/@emotion/hash/-/hash-0.9.2.tgz. Extracting by manifest.
485 silly tarball no local data for @babel/types@https://registry.npmjs.org/@babel/types/-/types-7.26.10.tgz. Extracting by manifest.
486 silly tarball no local data for @emotion/cache@https://registry.npmjs.org/@emotion/cache/-/cache-11.14.0.tgz. Extracting by manifest.
487 silly tarball no local data for @emotion/babel-plugin@https://registry.npmjs.org/@emotion/babel-plugin/-/babel-plugin-11.13.5.tgz. Extracting by manifest.
488 silly tarball no local data for @babel/template@https://registry.npmjs.org/@babel/template/-/template-7.26.9.tgz. Extracting by manifest.
489 silly tarball no local data for @babel/traverse@https://registry.npmjs.org/@babel/traverse/-/traverse-7.26.10.tgz. Extracting by manifest.
490 silly tarball no local data for @babel/preset-react@https://registry.npmjs.org/@babel/preset-react/-/preset-react-7.26.3.tgz. Extracting by manifest.
491 silly tarball no local data for @babel/preset-typescript@https://registry.npmjs.org/@babel/preset-typescript/-/preset-typescript-7.26.0.tgz. Extracting by manifest.
492 silly tarball no local data for @babel/runtime@https://registry.npmjs.org/@babel/runtime/-/runtime-7.26.10.tgz. Extracting by manifest.
493 silly tarball no local data for @babel/preset-env@https://registry.npmjs.org/@babel/preset-env/-/preset-env-7.26.9.tgz. Extracting by manifest.
494 silly tarball no local data for @babel/plugin-transform-unicode-regex@https://registry.npmjs.org/@babel/plugin-transform-unicode-regex/-/plugin-transform-unicode-regex-7.25.9.tgz. Extracting by manifest.
495 silly tarball no local data for @babel/plugin-transform-unicode-sets-regex@https://registry.npmjs.org/@babel/plugin-transform-unicode-sets-regex/-/plugin-transform-unicode-sets-regex-7.25.9.tgz. Extracting by manifest.
496 silly tarball no local data for @babel/plugin-transform-typescript@https://registry.npmjs.org/@babel/plugin-transform-typescript/-/plugin-transform-typescript-7.26.8.tgz. Extracting by manifest.
497 silly tarball no local data for @babel/plugin-transform-unicode-property-regex@https://registry.npmjs.org/@babel/plugin-transform-unicode-property-regex/-/plugin-transform-unicode-property-regex-7.25.9.tgz. Extracting by manifest.
498 silly tarball no local data for @babel/plugin-transform-unicode-escapes@https://registry.npmjs.org/@babel/plugin-transform-unicode-escapes/-/plugin-transform-unicode-escapes-7.25.9.tgz. Extracting by manifest.
499 silly tarball no local data for @babel/plugin-transform-template-literals@https://registry.npmjs.org/@babel/plugin-transform-template-literals/-/plugin-transform-template-literals-7.26.8.tgz. Extracting by manifest.
500 silly tarball no local data for @babel/plugin-transform-typeof-symbol@https://registry.npmjs.org/@babel/plugin-transform-typeof-symbol/-/plugin-transform-typeof-symbol-7.26.7.tgz. Extracting by manifest.
501 silly tarball no local data for @babel/plugin-transform-shorthand-properties@https://registry.npmjs.org/@babel/plugin-transform-shorthand-properties/-/plugin-transform-shorthand-properties-7.25.9.tgz. Extracting by manifest.
502 silly tarball no local data for @babel/plugin-transform-sticky-regex@https://registry.npmjs.org/@babel/plugin-transform-sticky-regex/-/plugin-transform-sticky-regex-7.25.9.tgz. Extracting by manifest.
503 silly tarball no local data for @babel/plugin-transform-spread@https://registry.npmjs.org/@babel/plugin-transform-spread/-/plugin-transform-spread-7.25.9.tgz. Extracting by manifest.
504 silly tarball no local data for @babel/plugin-transform-runtime@https://registry.npmjs.org/@babel/plugin-transform-runtime/-/plugin-transform-runtime-7.26.10.tgz. Extracting by manifest.
505 silly tarball no local data for @babel/plugin-transform-reserved-words@https://registry.npmjs.org/@babel/plugin-transform-reserved-words/-/plugin-transform-reserved-words-7.25.9.tgz. Extracting by manifest.
506 silly tarball no local data for @babel/plugin-transform-regexp-modifiers@https://registry.npmjs.org/@babel/plugin-transform-regexp-modifiers/-/plugin-transform-regexp-modifiers-7.26.0.tgz. Extracting by manifest.
507 silly tarball no local data for @babel/plugin-transform-regenerator@https://registry.npmjs.org/@babel/plugin-transform-regenerator/-/plugin-transform-regenerator-7.25.9.tgz. Extracting by manifest.
508 silly tarball no local data for @babel/plugin-transform-react-pure-annotations@https://registry.npmjs.org/@babel/plugin-transform-react-pure-annotations/-/plugin-transform-react-pure-annotations-7.25.9.tgz. Extracting by manifest.
509 silly tarball no local data for @babel/plugin-transform-react-jsx@https://registry.npmjs.org/@babel/plugin-transform-react-jsx/-/plugin-transform-react-jsx-7.25.9.tgz. Extracting by manifest.
510 silly tarball no local data for @babel/plugin-transform-react-jsx-development@https://registry.npmjs.org/@babel/plugin-transform-react-jsx-development/-/plugin-transform-react-jsx-development-7.25.9.tgz. Extracting by manifest.
511 silly tarball no local data for @babel/plugin-transform-react-display-name@https://registry.npmjs.org/@babel/plugin-transform-react-display-name/-/plugin-transform-react-display-name-7.25.9.tgz. Extracting by manifest.
512 silly tarball no local data for @babel/plugin-transform-react-constant-elements@https://registry.npmjs.org/@babel/plugin-transform-react-constant-elements/-/plugin-transform-react-constant-elements-7.25.9.tgz. Extracting by manifest.
513 silly tarball no local data for @babel/plugin-transform-property-literals@https://registry.npmjs.org/@babel/plugin-transform-property-literals/-/plugin-transform-property-literals-7.25.9.tgz. Extracting by manifest.
514 silly tarball no local data for @babel/plugin-transform-private-methods@https://registry.npmjs.org/@babel/plugin-transform-private-methods/-/plugin-transform-private-methods-7.25.9.tgz. Extracting by manifest.
515 silly tarball no local data for @babel/plugin-transform-parameters@https://registry.npmjs.org/@babel/plugin-transform-parameters/-/plugin-transform-parameters-7.25.9.tgz. Extracting by manifest.
516 silly tarball no local data for @babel/plugin-transform-private-property-in-object@https://registry.npmjs.org/@babel/plugin-transform-private-property-in-object/-/plugin-transform-private-property-in-object-7.25.9.tgz. Extracting by manifest.
517 silly tarball no local data for @babel/plugin-transform-optional-chaining@https://registry.npmjs.org/@babel/plugin-transform-optional-chaining/-/plugin-transform-optional-chaining-7.25.9.tgz. Extracting by manifest.
518 silly tarball no local data for @babel/plugin-transform-object-rest-spread@https://registry.npmjs.org/@babel/plugin-transform-object-rest-spread/-/plugin-transform-object-rest-spread-7.25.9.tgz. Extracting by manifest.
519 silly tarball no local data for @babel/plugin-transform-optional-catch-binding@https://registry.npmjs.org/@babel/plugin-transform-optional-catch-binding/-/plugin-transform-optional-catch-binding-7.25.9.tgz. Extracting by manifest.
520 silly tarball no local data for @babel/plugin-transform-object-super@https://registry.npmjs.org/@babel/plugin-transform-object-super/-/plugin-transform-object-super-7.25.9.tgz. Extracting by manifest.
521 silly tarball no local data for @babel/plugin-transform-nullish-coalescing-operator@https://registry.npmjs.org/@babel/plugin-transform-nullish-coalescing-operator/-/plugin-transform-nullish-coalescing-operator-7.26.6.tgz. Extracting by manifest.
522 silly tarball no local data for @babel/plugin-transform-modules-umd@https://registry.npmjs.org/@babel/plugin-transform-modules-umd/-/plugin-transform-modules-umd-7.25.9.tgz. Extracting by manifest.
523 silly tarball no local data for @babel/plugin-transform-numeric-separator@https://registry.npmjs.org/@babel/plugin-transform-numeric-separator/-/plugin-transform-numeric-separator-7.25.9.tgz. Extracting by manifest.
524 silly tarball no local data for @babel/plugin-transform-new-target@https://registry.npmjs.org/@babel/plugin-transform-new-target/-/plugin-transform-new-target-7.25.9.tgz. Extracting by manifest.
525 silly tarball no local data for @babel/plugin-transform-modules-systemjs@https://registry.npmjs.org/@babel/plugin-transform-modules-systemjs/-/plugin-transform-modules-systemjs-7.25.9.tgz. Extracting by manifest.
526 silly tarball no local data for @babel/plugin-transform-named-capturing-groups-regex@https://registry.npmjs.org/@babel/plugin-transform-named-capturing-groups-regex/-/plugin-transform-named-capturing-groups-regex-7.25.9.tgz. Extracting by manifest.
527 silly tarball no local data for @babel/plugin-transform-modules-amd@https://registry.npmjs.org/@babel/plugin-transform-modules-amd/-/plugin-transform-modules-amd-7.25.9.tgz. Extracting by manifest.
528 silly tarball no local data for @babel/plugin-transform-literals@https://registry.npmjs.org/@babel/plugin-transform-literals/-/plugin-transform-literals-7.25.9.tgz. Extracting by manifest.
529 silly tarball no local data for @babel/plugin-transform-member-expression-literals@https://registry.npmjs.org/@babel/plugin-transform-member-expression-literals/-/plugin-transform-member-expression-literals-7.25.9.tgz. Extracting by manifest.
530 silly tarball no local data for @babel/plugin-transform-for-of@https://registry.npmjs.org/@babel/plugin-transform-for-of/-/plugin-transform-for-of-7.26.9.tgz. Extracting by manifest.
531 silly tarball no local data for @babel/plugin-transform-function-name@https://registry.npmjs.org/@babel/plugin-transform-function-name/-/plugin-transform-function-name-7.25.9.tgz. Extracting by manifest.
532 silly tarball no local data for @babel/plugin-transform-logical-assignment-operators@https://registry.npmjs.org/@babel/plugin-transform-logical-assignment-operators/-/plugin-transform-logical-assignment-operators-7.25.9.tgz. Extracting by manifest.
533 silly tarball no local data for @babel/plugin-transform-modules-commonjs@https://registry.npmjs.org/@babel/plugin-transform-modules-commonjs/-/plugin-transform-modules-commonjs-7.26.3.tgz. Extracting by manifest.
534 silly tarball no local data for @babel/plugin-transform-export-namespace-from@https://registry.npmjs.org/@babel/plugin-transform-export-namespace-from/-/plugin-transform-export-namespace-from-7.25.9.tgz. Extracting by manifest.
535 silly tarball no local data for @babel/plugin-transform-json-strings@https://registry.npmjs.org/@babel/plugin-transform-json-strings/-/plugin-transform-json-strings-7.25.9.tgz. Extracting by manifest.
536 silly tarball no local data for @babel/plugin-transform-exponentiation-operator@https://registry.npmjs.org/@babel/plugin-transform-exponentiation-operator/-/plugin-transform-exponentiation-operator-7.26.3.tgz. Extracting by manifest.
537 silly tarball no local data for @babel/plugin-transform-duplicate-named-capturing-groups-regex@https://registry.npmjs.org/@babel/plugin-transform-duplicate-named-capturing-groups-regex/-/plugin-transform-duplicate-named-capturing-groups-regex-7.25.9.tgz. Extracting by manifest.
538 silly tarball no local data for @babel/plugin-transform-dynamic-import@https://registry.npmjs.org/@babel/plugin-transform-dynamic-import/-/plugin-transform-dynamic-import-7.25.9.tgz. Extracting by manifest.
539 silly tarball no local data for @babel/plugin-transform-flow-strip-types@https://registry.npmjs.org/@babel/plugin-transform-flow-strip-types/-/plugin-transform-flow-strip-types-7.26.5.tgz. Extracting by manifest.
540 silly tarball no local data for @babel/plugin-transform-duplicate-keys@https://registry.npmjs.org/@babel/plugin-transform-duplicate-keys/-/plugin-transform-duplicate-keys-7.25.9.tgz. Extracting by manifest.
541 silly tarball no local data for @babel/plugin-transform-dotall-regex@https://registry.npmjs.org/@babel/plugin-transform-dotall-regex/-/plugin-transform-dotall-regex-7.25.9.tgz. Extracting by manifest.
542 silly tarball no local data for @babel/plugin-transform-classes@https://registry.npmjs.org/@babel/plugin-transform-classes/-/plugin-transform-classes-7.25.9.tgz. Extracting by manifest.
543 silly tarball no local data for @babel/plugin-transform-destructuring@https://registry.npmjs.org/@babel/plugin-transform-destructuring/-/plugin-transform-destructuring-7.25.9.tgz. Extracting by manifest.
544 silly tarball no local data for @babel/plugin-transform-class-properties@https://registry.npmjs.org/@babel/plugin-transform-class-properties/-/plugin-transform-class-properties-7.25.9.tgz. Extracting by manifest.
545 silly tarball no local data for @babel/plugin-transform-class-static-block@https://registry.npmjs.org/@babel/plugin-transform-class-static-block/-/plugin-transform-class-static-block-7.26.0.tgz. Extracting by manifest.
546 silly tarball no local data for @babel/plugin-transform-block-scoping@https://registry.npmjs.org/@babel/plugin-transform-block-scoping/-/plugin-transform-block-scoping-7.25.9.tgz. Extracting by manifest.
547 silly tarball no local data for @babel/plugin-transform-computed-properties@https://registry.npmjs.org/@babel/plugin-transform-computed-properties/-/plugin-transform-computed-properties-7.25.9.tgz. Extracting by manifest.
548 silly tarball no local data for @babel/plugin-transform-block-scoped-functions@https://registry.npmjs.org/@babel/plugin-transform-block-scoped-functions/-/plugin-transform-block-scoped-functions-7.26.5.tgz. Extracting by manifest.
549 silly tarball no local data for @babel/plugin-transform-async-to-generator@https://registry.npmjs.org/@babel/plugin-transform-async-to-generator/-/plugin-transform-async-to-generator-7.25.9.tgz. Extracting by manifest.
550 silly tarball no local data for @babel/plugin-transform-arrow-functions@https://registry.npmjs.org/@babel/plugin-transform-arrow-functions/-/plugin-transform-arrow-functions-7.25.9.tgz. Extracting by manifest.
551 silly tarball no local data for @babel/plugin-transform-async-generator-functions@https://registry.npmjs.org/@babel/plugin-transform-async-generator-functions/-/plugin-transform-async-generator-functions-7.26.8.tgz. Extracting by manifest.
552 silly tarball no local data for @babel/plugin-syntax-typescript@https://registry.npmjs.org/@babel/plugin-syntax-typescript/-/plugin-syntax-typescript-7.25.9.tgz. Extracting by manifest.
553 silly tarball no local data for @babel/plugin-syntax-import-attributes@https://registry.npmjs.org/@babel/plugin-syntax-import-attributes/-/plugin-syntax-import-attributes-7.26.0.tgz. Extracting by manifest.
554 silly tarball no local data for @babel/plugin-syntax-import-assertions@https://registry.npmjs.org/@babel/plugin-syntax-import-assertions/-/plugin-syntax-import-assertions-7.26.0.tgz. Extracting by manifest.
555 silly tarball no local data for @babel/plugin-syntax-jsx@https://registry.npmjs.org/@babel/plugin-syntax-jsx/-/plugin-syntax-jsx-7.25.9.tgz. Extracting by manifest.
556 silly tarball no local data for @babel/plugin-syntax-flow@https://registry.npmjs.org/@babel/plugin-syntax-flow/-/plugin-syntax-flow-7.26.0.tgz. Extracting by manifest.
557 silly tarball no local data for @babel/plugin-syntax-decorators@https://registry.npmjs.org/@babel/plugin-syntax-decorators/-/plugin-syntax-decorators-7.25.9.tgz. Extracting by manifest.
558 silly tarball no local data for @babel/plugin-bugfix-v8-spread-parameters-in-optional-chaining@https://registry.npmjs.org/@babel/plugin-bugfix-v8-spread-parameters-in-optional-chaining/-/plugin-bugfix-v8-spread-parameters-in-optional-chaining-7.25.9.tgz. Extracting by manifest.
559 silly tarball no local data for @babel/plugin-bugfix-v8-static-class-fields-redefine-readonly@https://registry.npmjs.org/@babel/plugin-bugfix-v8-static-class-fields-redefine-readonly/-/plugin-bugfix-v8-static-class-fields-redefine-readonly-7.25.9.tgz. Extracting by manifest.
560 silly tarball no local data for @babel/plugin-bugfix-safari-id-destructuring-collision-in-function-expression@https://registry.npmjs.org/@babel/plugin-bugfix-safari-id-destructuring-collision-in-function-expression/-/plugin-bugfix-safari-id-destructuring-collision-in-function-expression-7.25.9.tgz. Extracting by manifest.
561 silly tarball no local data for @babel/plugin-bugfix-safari-class-field-initializer-scope@https://registry.npmjs.org/@babel/plugin-bugfix-safari-class-field-initializer-scope/-/plugin-bugfix-safari-class-field-initializer-scope-7.25.9.tgz. Extracting by manifest.
562 silly tarball no local data for @babel/plugin-proposal-decorators@https://registry.npmjs.org/@babel/plugin-proposal-decorators/-/plugin-proposal-decorators-7.25.9.tgz. Extracting by manifest.
563 silly tarball no local data for @babel/helpers@https://registry.npmjs.org/@babel/helpers/-/helpers-7.26.10.tgz. Extracting by manifest.
564 silly tarball no local data for @babel/plugin-bugfix-firefox-class-in-computed-class-key@https://registry.npmjs.org/@babel/plugin-bugfix-firefox-class-in-computed-class-key/-/plugin-bugfix-firefox-class-in-computed-class-key-7.25.9.tgz. Extracting by manifest.
565 silly tarball no local data for @babel/parser@https://registry.npmjs.org/@babel/parser/-/parser-7.26.10.tgz. Extracting by manifest.
566 silly tarball no local data for @babel/helper-validator-option@https://registry.npmjs.org/@babel/helper-validator-option/-/helper-validator-option-7.25.9.tgz. Extracting by manifest.
567 silly tarball no local data for @babel/helper-validator-identifier@https://registry.npmjs.org/@babel/helper-validator-identifier/-/helper-validator-identifier-7.25.9.tgz. Extracting by manifest.
568 silly tarball no local data for @babel/helper-wrap-function@https://registry.npmjs.org/@babel/helper-wrap-function/-/helper-wrap-function-7.25.9.tgz. Extracting by manifest.
569 silly tarball no local data for @babel/helper-string-parser@https://registry.npmjs.org/@babel/helper-string-parser/-/helper-string-parser-7.25.9.tgz. Extracting by manifest.
570 silly tarball no local data for @babel/helper-skip-transparent-expression-wrappers@https://registry.npmjs.org/@babel/helper-skip-transparent-expression-wrappers/-/helper-skip-transparent-expression-wrappers-7.25.9.tgz. Extracting by manifest.
571 silly tarball no local data for @babel/helper-replace-supers@https://registry.npmjs.org/@babel/helper-replace-supers/-/helper-replace-supers-7.26.5.tgz. Extracting by manifest.
572 silly tarball no local data for @babel/helper-remap-async-to-generator@https://registry.npmjs.org/@babel/helper-remap-async-to-generator/-/helper-remap-async-to-generator-7.25.9.tgz. Extracting by manifest.
573 silly tarball no local data for @babel/helper-plugin-utils@https://registry.npmjs.org/@babel/helper-plugin-utils/-/helper-plugin-utils-7.26.5.tgz. Extracting by manifest.
574 silly tarball no local data for @babel/helper-module-transforms@https://registry.npmjs.org/@babel/helper-module-transforms/-/helper-module-transforms-7.26.0.tgz. Extracting by manifest.
575 silly tarball no local data for @babel/helper-optimise-call-expression@https://registry.npmjs.org/@babel/helper-optimise-call-expression/-/helper-optimise-call-expression-7.25.9.tgz. Extracting by manifest.
576 silly tarball no local data for @babel/helper-module-imports@https://registry.npmjs.org/@babel/helper-module-imports/-/helper-module-imports-7.25.9.tgz. Extracting by manifest.
577 silly tarball no local data for @babel/helper-define-polyfill-provider@https://registry.npmjs.org/@babel/helper-define-polyfill-provider/-/helper-define-polyfill-provider-0.6.4.tgz. Extracting by manifest.
578 silly tarball no local data for @babel/helper-member-expression-to-functions@https://registry.npmjs.org/@babel/helper-member-expression-to-functions/-/helper-member-expression-to-functions-7.25.9.tgz. Extracting by manifest.
579 silly tarball no local data for @babel/core@https://registry.npmjs.org/@babel/core/-/core-7.26.10.tgz. Extracting by manifest.
580 silly tarball no local data for @babel/helper-compilation-targets@https://registry.npmjs.org/@babel/helper-compilation-targets/-/helper-compilation-targets-7.26.5.tgz. Extracting by manifest.
581 silly tarball no local data for @babel/helper-create-regexp-features-plugin@https://registry.npmjs.org/@babel/helper-create-regexp-features-plugin/-/helper-create-regexp-features-plugin-7.26.3.tgz. Extracting by manifest.
582 silly tarball no local data for @babel/helper-create-class-features-plugin@https://registry.npmjs.org/@babel/helper-create-class-features-plugin/-/helper-create-class-features-plugin-7.26.9.tgz. Extracting by manifest.
583 silly tarball no local data for @babel/helper-annotate-as-pure@https://registry.npmjs.org/@babel/helper-annotate-as-pure/-/helper-annotate-as-pure-7.25.9.tgz. Extracting by manifest.
584 silly tarball no local data for @babel/generator@https://registry.npmjs.org/@babel/generator/-/generator-7.26.10.tgz. Extracting by manifest.
585 silly tarball no local data for @babel/eslint-parser@https://registry.npmjs.org/@babel/eslint-parser/-/eslint-parser-7.26.10.tgz. Extracting by manifest.
586 silly tarball no local data for @ampproject/remapping@https://registry.npmjs.org/@ampproject/remapping/-/remapping-2.3.0.tgz. Extracting by manifest.
587 silly tarball no local data for @adobe/css-tools@https://registry.npmjs.org/@adobe/css-tools/-/css-tools-4.4.2.tgz. Extracting by manifest.
588 silly tarball no local data for @babel/code-frame@https://registry.npmjs.org/@babel/code-frame/-/code-frame-7.26.2.tgz. Extracting by manifest.
589 silly tarball no local data for yaml@https://registry.npmjs.org/yaml/-/yaml-1.10.2.tgz. Extracting by manifest.
590 silly tarball no local data for @babel/compat-data@https://registry.npmjs.org/@babel/compat-data/-/compat-data-7.26.8.tgz. Extracting by manifest.
591 silly tarball no local data for xmlhttprequest-ssl@https://registry.npmjs.org/xmlhttprequest-ssl/-/xmlhttprequest-ssl-2.1.2.tgz. Extracting by manifest.
592 silly tarball no local data for ws@https://registry.npmjs.org/ws/-/ws-7.5.10.tgz. Extracting by manifest.
593 silly tarball no local data for which-typed-array@https://registry.npmjs.org/which-typed-array/-/which-typed-array-1.1.19.tgz. Extracting by manifest.
594 silly tarball no local data for webpack-sources@https://registry.npmjs.org/webpack-sources/-/webpack-sources-3.2.3.tgz. Extracting by manifest.
595 silly tarball no local data for websocket-driver@https://registry.npmjs.org/websocket-driver/-/websocket-driver-0.7.4.tgz. Extracting by manifest.
596 silly tarball no local data for webpack@https://registry.npmjs.org/webpack/-/webpack-5.98.0.tgz. Extracting by manifest.
597 silly tarball no local data for watchpack@https://registry.npmjs.org/watchpack/-/watchpack-2.4.2.tgz. Extracting by manifest.
598 silly tarball no local data for update-browserslist-db@https://registry.npmjs.org/update-browserslist-db/-/update-browserslist-db-1.1.3.tgz. Extracting by manifest.
599 silly tarball no local data for unicode-property-aliases-ecmascript@https://registry.npmjs.org/unicode-property-aliases-ecmascript/-/unicode-property-aliases-ecmascript-2.1.0.tgz. Extracting by manifest.
600 silly tarball no local data for unicode-match-property-value-ecmascript@https://registry.npmjs.org/unicode-match-property-value-ecmascript/-/unicode-match-property-value-ecmascript-2.2.0.tgz. Extracting by manifest.
601 silly tarball no local data for underscore@https://registry.npmjs.org/underscore/-/underscore-1.12.1.tgz. Extracting by manifest.
602 silly tarball no local data for undici-types@https://registry.npmjs.org/undici-types/-/undici-types-6.20.0.tgz. Extracting by manifest.
603 silly tarball no local data for typed-array-length@https://registry.npmjs.org/typed-array-length/-/typed-array-length-1.0.7.tgz. Extracting by manifest.
604 silly tarball no local data for terser-webpack-plugin@https://registry.npmjs.org/terser-webpack-plugin/-/terser-webpack-plugin-5.3.14.tgz. Extracting by manifest.
605 silly tarball no local data for terser@https://registry.npmjs.org/terser/-/terser-5.39.0.tgz. Extracting by manifest.
606 silly tarball no local data for tapable@https://registry.npmjs.org/tapable/-/tapable-2.2.1.tgz. Extracting by manifest.
607 silly tarball no local data for sucrase@https://registry.npmjs.org/sucrase/-/sucrase-3.35.0.tgz. Extracting by manifest.
608 silly tarball no local data for stylis@https://registry.npmjs.org/stylis/-/stylis-4.2.0.tgz. Extracting by manifest.
609 silly tarball no local data for string.prototype.trim@https://registry.npmjs.org/string.prototype.trim/-/string.prototype.trim-1.2.10.tgz. Extracting by manifest.
610 silly tarball no local data for tailwindcss@https://registry.npmjs.org/tailwindcss/-/tailwindcss-3.4.17.tgz. Extracting by manifest.
611 silly tarball no local data for static-eval@https://registry.npmjs.org/static-eval/-/static-eval-2.0.2.tgz. Extracting by manifest.
612 silly tarball no local data for source-map@https://registry.npmjs.org/source-map/-/source-map-0.5.7.tgz. Extracting by manifest.
613 silly tarball no local data for socket.io-client@https://registry.npmjs.org/socket.io-client/-/socket.io-client-4.8.1.tgz. Extracting by manifest.
614 silly tarball no local data for side-channel-list@https://registry.npmjs.org/side-channel-list/-/side-channel-list-1.0.0.tgz. Extracting by manifest.
615 silly tarball no local data for socket.io-parser@https://registry.npmjs.org/socket.io-parser/-/socket.io-parser-4.2.4.tgz. Extracting by manifest.
616 silly tarball no local data for side-channel@https://registry.npmjs.org/side-channel/-/side-channel-1.1.0.tgz. Extracting by manifest.
617 silly tarball no local data for shell-quote@https://registry.npmjs.org/shell-quote/-/shell-quote-1.8.2.tgz. Extracting by manifest.
618 silly tarball no local data for serve-index@https://registry.npmjs.org/serve-index/-/serve-index-1.9.1.tgz. Extracting by manifest.
619 silly tarball no local data for serve-static@https://registry.npmjs.org/serve-static/-/serve-static-1.16.2.tgz. Extracting by manifest.
620 silly tarball no local data for string.prototype.trimend@https://registry.npmjs.org/string.prototype.trimend/-/string.prototype.trimend-1.0.9.tgz. Extracting by manifest.
621 silly tarball no local data for send@https://registry.npmjs.org/send/-/send-0.19.0.tgz. Extracting by manifest.
622 silly tarball no local data for semver@https://registry.npmjs.org/semver/-/semver-7.7.1.tgz. Extracting by manifest.
623 silly tarball no local data for safe-array-concat@https://registry.npmjs.org/safe-array-concat/-/safe-array-concat-1.1.3.tgz. Extracting by manifest.
624 silly tarball no local data for schema-utils@https://registry.npmjs.org/schema-utils/-/schema-utils-4.3.0.tgz. Extracting by manifest.
625 silly tarball no local data for rollup@https://registry.npmjs.org/rollup/-/rollup-2.79.2.tgz. Extracting by manifest.
626 silly tarball no local data for resolve@https://registry.npmjs.org/resolve/-/resolve-1.22.10.tgz. Extracting by manifest.
627 silly tarball no local data for regjsparser@https://registry.npmjs.org/regjsparser/-/regjsparser-0.12.0.tgz. Extracting by manifest.
628 silly tarball no local data for regexpu-core@https://registry.npmjs.org/regexpu-core/-/regexpu-core-6.2.0.tgz. Extracting by manifest.
629 silly tarball no local data for regenerator-runtime@https://registry.npmjs.org/regenerator-runtime/-/regenerator-runtime-0.14.1.tgz. Extracting by manifest.
630 silly tarball no local data for regenerator-transform@https://registry.npmjs.org/regenerator-transform/-/regenerator-transform-0.15.2.tgz. Extracting by manifest.
631 silly tarball no local data for regenerate-unicode-properties@https://registry.npmjs.org/regenerate-unicode-properties/-/regenerate-unicode-properties-10.2.0.tgz. Extracting by manifest.
632 silly tarball no local data for react-router-dom@https://registry.npmjs.org/react-router-dom/-/react-router-dom-6.11.1.tgz. Extracting by manifest.
633 silly tarball no local data for react-transition-group@https://registry.npmjs.org/react-transition-group/-/react-transition-group-4.4.5.tgz. Extracting by manifest.
634 silly tarball no local data for react-router@https://registry.npmjs.org/react-router/-/react-router-6.11.1.tgz. Extracting by manifest.
635 silly tarball no local data for react-is@https://registry.npmjs.org/react-is/-/react-is-19.0.0.tgz. Extracting by manifest.
636 silly tarball no local data for react-dom@https://registry.npmjs.org/react-dom/-/react-dom-18.2.0.tgz. Extracting by manifest.
637 silly tarball no local data for react-apexcharts@https://registry.npmjs.org/react-apexcharts/-/react-apexcharts-1.7.0.tgz. Extracting by manifest.
638 silly tarball no local data for react@https://registry.npmjs.org/react/-/react-18.2.0.tgz. Extracting by manifest.
639 silly tarball no local data for raw-body@https://registry.npmjs.org/raw-body/-/raw-body-2.5.2.tgz. Extracting by manifest.
640 silly tarball no local data for qs@https://registry.npmjs.org/qs/-/qs-6.13.0.tgz. Extracting by manifest.
641 silly tarball no local data for proxy-from-env@https://registry.npmjs.org/proxy-from-env/-/proxy-from-env-1.1.0.tgz. Extracting by manifest.
642 silly tarball no local data for postcss@https://registry.npmjs.org/postcss/-/postcss-8.5.3.tgz. Extracting by manifest.
643 silly tarball no local data for postcss-js@https://registry.npmjs.org/postcss-js/-/postcss-js-4.0.1.tgz. Extracting by manifest.
644 silly tarball no local data for pirates@https://registry.npmjs.org/pirates/-/pirates-4.0.6.tgz. Extracting by manifest.
645 silly tarball no local data for postcss-load-config@https://registry.npmjs.org/postcss-load-config/-/postcss-load-config-4.0.2.tgz. Extracting by manifest.
646 silly tarball no local data for picomatch@https://registry.npmjs.org/picomatch/-/picomatch-2.3.1.tgz. Extracting by manifest.
647 silly tarball no local data for path-scurry@https://registry.npmjs.org/path-scurry/-/path-scurry-1.11.1.tgz. Extracting by manifest.
648 silly tarball no local data for on-headers@https://registry.npmjs.org/on-headers/-/on-headers-1.0.2.tgz. Extracting by manifest.
649 silly tarball no local data for package-json-from-dist@https://registry.npmjs.org/package-json-from-dist/-/package-json-from-dist-1.0.1.tgz. Extracting by manifest.
650 silly tarball no local data for path-to-regexp@https://registry.npmjs.org/path-to-regexp/-/path-to-regexp-0.1.12.tgz. Extracting by manifest.
651 silly tarball no local data for object.getownpropertydescriptors@https://registry.npmjs.org/object.getownpropertydescriptors/-/object.getownpropertydescriptors-2.1.8.tgz. Extracting by manifest.
652 silly tarball no local data for normalize-range@https://registry.npmjs.org/normalize-range/-/normalize-range-0.1.2.tgz. Extracting by manifest.
653 silly tarball no local data for nwsapi@https://registry.npmjs.org/nwsapi/-/nwsapi-2.2.19.tgz. Extracting by manifest.
654 silly tarball no local data for node-releases@https://registry.npmjs.org/node-releases/-/node-releases-2.0.19.tgz. Extracting by manifest.
655 silly tarball no local data for node-forge@https://registry.npmjs.org/node-forge/-/node-forge-1.3.1.tgz. Extracting by manifest.
656 silly tarball no local data for minipass@https://registry.npmjs.org/minipass/-/minipass-7.1.2.tgz. Extracting by manifest.
657 silly tarball no local data for motion-utils@https://registry.npmjs.org/motion-utils/-/motion-utils-12.5.0.tgz. Extracting by manifest.
658 silly tarball no local data for nanoid@https://registry.npmjs.org/nanoid/-/nanoid-3.3.11.tgz. Extracting by manifest.
659 silly tarball no local data for minimatch@https://registry.npmjs.org/minimatch/-/minimatch-3.1.2.tgz. Extracting by manifest.
660 silly tarball no local data for motion-dom@https://registry.npmjs.org/motion-dom/-/motion-dom-12.5.0.tgz. Extracting by manifest.
661 silly tarball no local data for mini-css-extract-plugin@https://registry.npmjs.org/mini-css-extract-plugin/-/mini-css-extract-plugin-2.9.2.tgz. Extracting by manifest.
662 silly tarball no local data for lodash@https://registry.npmjs.org/lodash/-/lodash-4.17.21.tgz. Extracting by manifest.
663 silly tarball no local data for loader-runner@https://registry.npmjs.org/loader-runner/-/loader-runner-4.3.0.tgz. Extracting by manifest.
664 silly tarball no local data for jsonpath@https://registry.npmjs.org/jsonpath/-/jsonpath-1.1.1.tgz. Extracting by manifest.
665 silly tarball no local data for launch-editor@https://registry.npmjs.org/launch-editor/-/launch-editor-2.10.0.tgz. Extracting by manifest.
666 silly tarball no local data for jsonfile@https://registry.npmjs.org/jsonfile/-/jsonfile-6.1.0.tgz. Extracting by manifest.
667 silly tarball no local data for json-schema@https://registry.npmjs.org/json-schema/-/json-schema-0.4.0.tgz. Extracting by manifest.
668 silly tarball no local data for js-yaml@https://registry.npmjs.org/js-yaml/-/js-yaml-3.14.1.tgz. Extracting by manifest.
669 silly tarball no local data for jake@https://registry.npmjs.org/jake/-/jake-10.9.2.tgz. Extracting by manifest.
670 silly tarball no local data for istanbul-reports@https://registry.npmjs.org/istanbul-reports/-/istanbul-reports-3.1.7.tgz. Extracting by manifest.
671 silly tarball no local data for jackspeak@https://registry.npmjs.org/jackspeak/-/jackspeak-3.4.3.tgz. Extracting by manifest.
672 silly tarball no local data for is-generator-function@https://registry.npmjs.org/is-generator-function/-/is-generator-function-1.1.0.tgz. Extracting by manifest.
673 silly tarball no local data for is-core-module@https://registry.npmjs.org/is-core-module/-/is-core-module-2.16.1.tgz. Extracting by manifest.
674 silly tarball no local data for http-proxy-middleware@https://registry.npmjs.org/http-proxy-middleware/-/http-proxy-middleware-2.0.7.tgz. Extracting by manifest.
675 silly tarball no local data for ipaddr.js@https://registry.npmjs.org/ipaddr.js/-/ipaddr.js-2.2.0.tgz. Extracting by manifest.
676 silly tarball no local data for http-parser-js@https://registry.npmjs.org/http-parser-js/-/http-parser-js-0.5.9.tgz. Extracting by manifest.
677 silly tarball no local data for html-webpack-plugin@https://registry.npmjs.org/html-webpack-plugin/-/html-webpack-plugin-5.6.3.tgz. Extracting by manifest.
678 silly tarball no local data for html-entities@https://registry.npmjs.org/html-entities/-/html-entities-2.5.2.tgz. Extracting by manifest.
679 silly tarball no local data for hoist-non-react-statics@https://registry.npmjs.org/hoist-non-react-statics/-/hoist-non-react-statics-3.3.2.tgz. Extracting by manifest.
680 silly tarball no local data for hasown@https://registry.npmjs.org/hasown/-/hasown-2.0.2.tgz. Extracting by manifest.
681 silly tarball no local data for fs-monkey@https://registry.npmjs.org/fs-monkey/-/fs-monkey-1.0.6.tgz. Extracting by manifest.
682 silly tarball no local data for framer-motion@https://registry.npmjs.org/framer-motion/-/framer-motion-12.5.0.tgz. Extracting by manifest.
683 silly tarball no local data for fraction.js@https://registry.npmjs.org/fraction.js/-/fraction.js-4.3.7.tgz. Extracting by manifest.
684 silly tarball no local data for form-data@https://registry.npmjs.org/form-data/-/form-data-4.0.2.tgz. Extracting by manifest.
685 silly tarball no local data for foreground-child@https://registry.npmjs.org/foreground-child/-/foreground-child-3.3.1.tgz. Extracting by manifest.
686 silly tarball no local data for flatted@https://registry.npmjs.org/flatted/-/flatted-3.3.3.tgz. Extracting by manifest.
687 silly tarball no local data for follow-redirects@https://registry.npmjs.org/follow-redirects/-/follow-redirects-1.15.9.tgz. Extracting by manifest.
688 silly tarball no local data for find-root@https://registry.npmjs.org/find-root/-/find-root-1.1.0.tgz. Extracting by manifest.
689 silly tarball no local data for fastq@https://registry.npmjs.org/fastq/-/fastq-1.19.1.tgz. Extracting by manifest.
690 silly tarball no local data for finalhandler@https://registry.npmjs.org/finalhandler/-/finalhandler-1.3.1.tgz. Extracting by manifest.
691 silly tarball no local data for filelist@https://registry.npmjs.org/filelist/-/filelist-1.0.4.tgz. Extracting by manifest.
692 silly tarball no local data for fast-uri@https://registry.npmjs.org/fast-uri/-/fast-uri-3.0.6.tgz. Extracting by manifest.
693 silly tarball no local data for express@https://registry.npmjs.org/express/-/express-4.21.2.tgz. Extracting by manifest.
694 silly tarball no local data for esquery@https://registry.npmjs.org/esquery/-/esquery-1.6.0.tgz. Extracting by manifest.
695 silly tarball no local data for eslint-plugin-react@https://registry.npmjs.org/eslint-plugin-react/-/eslint-plugin-react-7.37.4.tgz. Extracting by manifest.
696 silly tarball no local data for eslint-plugin-import@https://registry.npmjs.org/eslint-plugin-import/-/eslint-plugin-import-2.31.0.tgz. Extracting by manifest.
697 silly tarball no local data for eslint-module-utils@https://registry.npmjs.org/eslint-module-utils/-/eslint-module-utils-2.12.0.tgz. Extracting by manifest.
698 silly tarball no local data for eslint-import-resolver-node@https://registry.npmjs.org/eslint-import-resolver-node/-/eslint-import-resolver-node-0.3.9.tgz. Extracting by manifest.
699 silly tarball no local data for es-object-atoms@https://registry.npmjs.org/es-object-atoms/-/es-object-atoms-1.1.1.tgz. Extracting by manifest.
700 silly tarball no local data for es-module-lexer@https://registry.npmjs.org/es-module-lexer/-/es-module-lexer-1.6.0.tgz. Extracting by manifest.
701 silly tarball no local data for es-iterator-helpers@https://registry.npmjs.org/es-iterator-helpers/-/es-iterator-helpers-1.2.1.tgz. Extracting by manifest.
702 silly tarball no local data for es-abstract@https://registry.npmjs.org/es-abstract/-/es-abstract-1.23.9.tgz. Extracting by manifest.
703 silly tarball no local data for error-ex@https://registry.npmjs.org/error-ex/-/error-ex-1.3.2.tgz. Extracting by manifest.
704 silly tarball no local data for enhanced-resolve@https://registry.npmjs.org/enhanced-resolve/-/enhanced-resolve-5.18.1.tgz. Extracting by manifest.
705 silly tarball no local data for engine.io-client@https://registry.npmjs.org/engine.io-client/-/engine.io-client-6.6.3.tgz. Extracting by manifest.
706 silly tarball no local data for electron-to-chromium@https://registry.npmjs.org/electron-to-chromium/-/electron-to-chromium-1.5.123.tgz. Extracting by manifest.
707 silly tarball no local data for globals@https://registry.npmjs.org/globals/-/globals-11.12.0.tgz. Extracting by manifest.
708 silly tarball no local data for engine.io-parser@https://registry.npmjs.org/engine.io-parser/-/engine.io-parser-5.2.3.tgz. Extracting by manifest.
709 silly tarball no local data for dom-helpers@https://registry.npmjs.org/dom-helpers/-/dom-helpers-5.2.1.tgz. Extracting by manifest.
710 silly tarball no local data for date-fns@https://registry.npmjs.org/date-fns/-/date-fns-4.1.0.tgz. Extracting by manifest.
711 silly tarball no local data for decimal.js@https://registry.npmjs.org/decimal.js/-/decimal.js-10.5.0.tgz. Extracting by manifest.
712 silly tarball no local data for css-what@https://registry.npmjs.org/css-what/-/css-what-6.1.0.tgz. Extracting by manifest.
713 silly tarball no local data for debug@https://registry.npmjs.org/debug/-/debug-4.4.0.tgz. Extracting by manifest.
714 silly tarball no local data for csstype@https://registry.npmjs.org/csstype/-/csstype-3.1.3.tgz. Extracting by manifest.
715 silly tarball no local data for core-js-pure@https://registry.npmjs.org/core-js-pure/-/core-js-pure-3.41.0.tgz. Extracting by manifest.
716 silly tarball no local data for core-js-compat@https://registry.npmjs.org/core-js-compat/-/core-js-compat-3.41.0.tgz. Extracting by manifest.
717 silly tarball no local data for core-js@https://registry.npmjs.org/core-js/-/core-js-3.41.0.tgz. Extracting by manifest.
718 silly tarball no local data for cookie@https://registry.npmjs.org/cookie/-/cookie-0.7.1.tgz. Extracting by manifest.
719 silly tarball no local data for compression@https://registry.npmjs.org/compression/-/compression-1.8.0.tgz. Extracting by manifest.
720 silly tarball no local data for collect-v8-coverage@https://registry.npmjs.org/collect-v8-coverage/-/collect-v8-coverage-1.0.2.tgz. Extracting by manifest.
721 silly tarball no local data for clsx@https://registry.npmjs.org/clsx/-/clsx-2.1.1.tgz. Extracting by manifest.
722 silly tarball no local data for caniuse-lite@https://registry.npmjs.org/caniuse-lite/-/caniuse-lite-1.0.30001706.tgz. Extracting by manifest.
723 silly tarball no local data for call-bind@https://registry.npmjs.org/call-bind/-/call-bind-1.0.8.tgz. Extracting by manifest.
724 silly tarball no local data for browserslist@https://registry.npmjs.org/browserslist/-/browserslist-4.24.4.tgz. Extracting by manifest.
725 silly tarball no local data for brace-expansion@https://registry.npmjs.org/brace-expansion/-/brace-expansion-1.1.11.tgz. Extracting by manifest.
726 silly tarball no local data for bonjour-service@https://registry.npmjs.org/bonjour-service/-/bonjour-service-1.3.0.tgz. Extracting by manifest.
727 silly tarball no local data for body-parser@https://registry.npmjs.org/body-parser/-/body-parser-1.20.3.tgz. Extracting by manifest.
728 silly tarball no local data for babel-preset-current-node-syntax@https://registry.npmjs.org/babel-preset-current-node-syntax/-/babel-preset-current-node-syntax-1.1.0.tgz. Extracting by manifest.
729 silly tarball no local data for babel-plugin-polyfill-corejs2@https://registry.npmjs.org/babel-plugin-polyfill-corejs2/-/babel-plugin-polyfill-corejs2-0.4.13.tgz. Extracting by manifest.
730 silly tarball no local data for babel-plugin-polyfill-corejs3@https://registry.npmjs.org/babel-plugin-polyfill-corejs3/-/babel-plugin-polyfill-corejs3-0.11.1.tgz. Extracting by manifest.
731 silly tarball no local data for axios@https://registry.npmjs.org/axios/-/axios-1.8.4.tgz. Extracting by manifest.
732 silly tarball no local data for babel-plugin-polyfill-regenerator@https://registry.npmjs.org/babel-plugin-polyfill-regenerator/-/babel-plugin-polyfill-regenerator-0.6.4.tgz. Extracting by manifest.
733 silly tarball no local data for axe-core@https://registry.npmjs.org/axe-core/-/axe-core-4.10.3.tgz. Extracting by manifest.
734 silly tarball no local data for autoprefixer@https://registry.npmjs.org/autoprefixer/-/autoprefixer-10.4.21.tgz. Extracting by manifest.
735 silly tarball no local data for array-includes@https://registry.npmjs.org/array-includes/-/array-includes-3.1.8.tgz. Extracting by manifest.
736 silly tarball no local data for js-yaml@https://registry.npmjs.org/js-yaml/-/js-yaml-4.1.0.tgz. Extracting by manifest.
737 silly tarball no local data for apexcharts@https://registry.npmjs.org/apexcharts/-/apexcharts-4.5.0.tgz. Extracting by manifest.
738 silly tarball no local data for ajv@https://registry.npmjs.org/ajv/-/ajv-6.12.6.tgz. Extracting by manifest.
739 silly tarball no local data for source-map@https://registry.npmjs.org/source-map/-/source-map-0.7.4.tgz. Extracting by manifest.
740 silly tarball no local data for acorn@https://registry.npmjs.org/acorn/-/acorn-8.14.1.tgz. Extracting by manifest.
741 silly tarball no local data for @apideck/better-ajv-errors@https://registry.npmjs.org/@apideck/better-ajv-errors/-/better-ajv-errors-0.3.6.tgz. Extracting by manifest.
742 silly tarball no local data for svgo@https://registry.npmjs.org/svgo/-/svgo-2.8.0.tgz. Extracting by manifest.
743 silly tarball no local data for json5@https://registry.npmjs.org/json5/-/json5-1.0.2.tgz. Extracting by manifest.
744 silly tarball no local data for ws@https://registry.npmjs.org/ws/-/ws-8.18.1.tgz. Extracting by manifest.
745 silly tarball no local data for postcss-selector-parser@https://registry.npmjs.org/postcss-selector-parser/-/postcss-selector-parser-7.1.0.tgz. Extracting by manifest.
746 silly tarball no local data for ajv@https://registry.npmjs.org/ajv/-/ajv-8.17.1.tgz. Extracting by manifest.
747 silly tarball no local data for semver@https://registry.npmjs.org/semver/-/semver-6.3.1.tgz. Extracting by manifest.
748 silly tarball no local data for postcss-selector-parser@https://registry.npmjs.org/postcss-selector-parser/-/postcss-selector-parser-7.1.0.tgz. Extracting by manifest.
749 silly tarball no local data for @types/yargs@https://registry.npmjs.org/@types/yargs/-/yargs-17.0.33.tgz. Extracting by manifest.
750 silly tarball no local data for form-data@https://registry.npmjs.org/form-data/-/form-data-3.0.3.tgz. Extracting by manifest.
751 silly tarball no local data for semver@https://registry.npmjs.org/semver/-/semver-6.3.1.tgz. Extracting by manifest.
752 silly tarball no local data for strip-ansi@https://registry.npmjs.org/strip-ansi/-/strip-ansi-7.1.0.tgz. Extracting by manifest.
753 silly tarball no local data for ansi-regex@https://registry.npmjs.org/ansi-regex/-/ansi-regex-6.1.0.tgz. Extracting by manifest.
754 silly tarball no local data for which@https://registry.npmjs.org/which/-/which-1.3.1.tgz. Extracting by manifest.
755 silly tarball no local data for js-yaml@https://registry.npmjs.org/js-yaml/-/js-yaml-4.1.0.tgz. Extracting by manifest.
756 silly tarball no local data for ajv@https://registry.npmjs.org/ajv/-/ajv-8.17.1.tgz. Extracting by manifest.
757 silly tarball no local data for @types/yargs@https://registry.npmjs.org/@types/yargs/-/yargs-17.0.33.tgz. Extracting by manifest.
758 silly tarball no local data for acorn@https://registry.npmjs.org/acorn/-/acorn-7.4.1.tgz. Extracting by manifest.
759 silly tarball no local data for @sinclair/typebox@https://registry.npmjs.org/@sinclair/typebox/-/typebox-0.27.8.tgz. Extracting by manifest.
760 silly tarball no local data for pretty-format@https://registry.npmjs.org/pretty-format/-/pretty-format-29.7.0.tgz. Extracting by manifest.
761 silly tarball no local data for @jest/types@https://registry.npmjs.org/@jest/types/-/types-29.6.3.tgz. Extracting by manifest.
762 silly tarball no local data for @jest/schemas@https://registry.npmjs.org/@jest/schemas/-/schemas-29.6.3.tgz. Extracting by manifest.
763 silly tarball no local data for jest-util@https://registry.npmjs.org/jest-util/-/jest-util-29.7.0.tgz. Extracting by manifest.
764 silly tarball no local data for jest-message-util@https://registry.npmjs.org/jest-message-util/-/jest-message-util-29.7.0.tgz. Extracting by manifest.
765 silly tarball no local data for @types/express-serve-static-core@https://registry.npmjs.org/@types/express-serve-static-core/-/express-serve-static-core-4.19.6.tgz. Extracting by manifest.
766 silly tarball no local data for jest-matcher-utils@https://registry.npmjs.org/jest-matcher-utils/-/jest-matcher-utils-29.7.0.tgz. Extracting by manifest.
767 silly tarball no local data for source-map@https://registry.npmjs.org/source-map/-/source-map-0.7.4.tgz. Extracting by manifest.
768 silly tarball no local data for jest-get-type@https://registry.npmjs.org/jest-get-type/-/jest-get-type-29.6.3.tgz. Extracting by manifest.
769 silly tarball no local data for jest-get-type@https://registry.npmjs.org/jest-get-type/-/jest-get-type-29.6.3.tgz. Extracting by manifest.
770 silly tarball no local data for semver@https://registry.npmjs.org/semver/-/semver-6.3.1.tgz. Extracting by manifest.
771 silly tarball no local data for jest-diff@https://registry.npmjs.org/jest-diff/-/jest-diff-29.7.0.tgz. Extracting by manifest.
772 silly tarball no local data for diff-sequences@https://registry.npmjs.org/diff-sequences/-/diff-sequences-29.6.3.tgz. Extracting by manifest.
773 silly tarball no local data for expect@https://registry.npmjs.org/expect/-/expect-29.7.0.tgz. Extracting by manifest.
774 silly tarball no local data for semver@https://registry.npmjs.org/semver/-/semver-6.3.1.tgz. Extracting by manifest.
775 silly tarball no local data for semver@https://registry.npmjs.org/semver/-/semver-6.3.1.tgz. Extracting by manifest.
776 silly tarball no local data for ansi-styles@https://registry.npmjs.org/ansi-styles/-/ansi-styles-6.2.1.tgz. Extracting by manifest.
777 silly tarball no local data for strip-ansi@https://registry.npmjs.org/strip-ansi/-/strip-ansi-7.1.0.tgz. Extracting by manifest.
778 silly tarball no local data for ansi-regex@https://registry.npmjs.org/ansi-regex/-/ansi-regex-6.1.0.tgz. Extracting by manifest.
779 silly tarball no local data for semver@https://registry.npmjs.org/semver/-/semver-6.3.1.tgz. Extracting by manifest.
780 silly tarball no local data for semver@https://registry.npmjs.org/semver/-/semver-6.3.1.tgz. Extracting by manifest.
781 silly tarball no local data for semver@https://registry.npmjs.org/semver/-/semver-6.3.1.tgz. Extracting by manifest.
782 silly tarball no local data for semver@https://registry.npmjs.org/semver/-/semver-6.3.1.tgz. Extracting by manifest.
783 silly tarball no local data for optionator@https://registry.npmjs.org/optionator/-/optionator-0.8.3.tgz. Extracting by manifest.
784 silly tarball no local data for type-check@https://registry.npmjs.org/type-check/-/type-check-0.3.2.tgz. Extracting by manifest.
785 silly tarball no local data for minimatch@https://registry.npmjs.org/minimatch/-/minimatch-9.0.5.tgz. Extracting by manifest.
786 silly tarball no local data for brace-expansion@https://registry.npmjs.org/brace-expansion/-/brace-expansion-2.0.1.tgz. Extracting by manifest.
787 silly tarball no local data for glob@https://registry.npmjs.org/glob/-/glob-10.4.5.tgz. Extracting by manifest.
788 silly tarball no local data for debug@https://registry.npmjs.org/debug/-/debug-4.3.7.tgz. Extracting by manifest.
789 silly tarball no local data for prelude-ls@https://registry.npmjs.org/prelude-ls/-/prelude-ls-1.1.2.tgz. Extracting by manifest.
790 silly tarball no local data for debug@https://registry.npmjs.org/debug/-/debug-4.3.7.tgz. Extracting by manifest.
791 silly tarball no local data for levn@https://registry.npmjs.org/levn/-/levn-0.3.0.tgz. Extracting by manifest.
792 silly tarball no local data for escodegen@https://registry.npmjs.org/escodegen/-/escodegen-1.14.3.tgz. Extracting by manifest.
793 silly tarball no local data for setprototypeof@https://registry.npmjs.org/setprototypeof/-/setprototypeof-1.1.0.tgz. Extracting by manifest.
794 silly tarball no local data for ajv@https://registry.npmjs.org/ajv/-/ajv-8.17.1.tgz. Extracting by manifest.
795 silly tarball no local data for yaml@https://registry.npmjs.org/yaml/-/yaml-2.7.0.tgz. Extracting by manifest.
796 silly tarball no local data for http-errors@https://registry.npmjs.org/http-errors/-/http-errors-1.6.3.tgz. Extracting by manifest.
797 silly tarball no local data for inherits@https://registry.npmjs.org/inherits/-/inherits-2.0.3.tgz. Extracting by manifest.
798 silly tarball no local data for lru-cache@https://registry.npmjs.org/lru-cache/-/lru-cache-10.4.3.tgz. Extracting by manifest.
799 silly tarball no local data for esprima@https://registry.npmjs.org/esprima/-/esprima-1.2.2.tgz. Extracting by manifest.
800 silly tarball no local data for jsesc@https://registry.npmjs.org/jsesc/-/jsesc-3.0.2.tgz. Extracting by manifest.
801 silly tarball no local data for minimatch@https://registry.npmjs.org/minimatch/-/minimatch-5.1.6.tgz. Extracting by manifest.
802 silly tarball no local data for signal-exit@https://registry.npmjs.org/signal-exit/-/signal-exit-4.1.0.tgz. Extracting by manifest.
803 silly tarball no local data for brace-expansion@https://registry.npmjs.org/brace-expansion/-/brace-expansion-2.0.1.tgz. Extracting by manifest.
804 silly tarball no local data for semver@https://registry.npmjs.org/semver/-/semver-6.3.1.tgz. Extracting by manifest.
805 silly tarball no local data for resolve@https://registry.npmjs.org/resolve/-/resolve-2.0.0-next.5.tgz. Extracting by manifest.
806 silly tarball no local data for semver@https://registry.npmjs.org/semver/-/semver-6.3.1.tgz. Extracting by manifest.
807 silly tarball no local data for debug@https://registry.npmjs.org/debug/-/debug-4.3.7.tgz. Extracting by manifest.
808 silly tarball no local data for ws@https://registry.npmjs.org/ws/-/ws-8.17.1.tgz. Extracting by manifest.
809 silly tarball no local data for semver@https://registry.npmjs.org/semver/-/semver-6.3.1.tgz. Extracting by manifest.
810 http fetch GET https://registry.npmjs.org/which/-/which-2.0.2.tgz attempt 1 failed with EACCES
811 http fetch GET https://registry.npmjs.org/webpack-dev-server/-/webpack-dev-server-4.15.2.tgz attempt 1 failed with EACCES
812 http fetch GET https://registry.npmjs.org/uuid/-/uuid-8.3.2.tgz attempt 1 failed with EACCES
813 http fetch GET https://registry.npmjs.org/typescript/-/typescript-4.9.5.tgz attempt 1 failed with EACCES
814 http fetch GET https://registry.npmjs.org/rimraf/-/rimraf-3.0.2.tgz attempt 1 failed with EACCES
815 http fetch GET https://registry.npmjs.org/svgo/-/svgo-1.3.2.tgz attempt 1 failed with EACCES
816 http fetch GET https://registry.npmjs.org/multicast-dns/-/multicast-dns-7.2.5.tgz attempt 1 failed with EACCES
817 http fetch GET https://registry.npmjs.org/react-scripts/-/react-scripts-5.0.1.tgz attempt 1 failed with EACCES
818 http fetch GET https://registry.npmjs.org/mime/-/mime-1.6.0.tgz attempt 1 failed with EACCES
819 http fetch GET https://registry.npmjs.org/mkdirp/-/mkdirp-0.5.6.tgz attempt 1 failed with EACCES
820 http fetch GET https://registry.npmjs.org/lz-string/-/lz-string-1.5.0.tgz attempt 1 failed with EACCES
821 http fetch GET https://registry.npmjs.org/loose-envify/-/loose-envify-1.4.0.tgz attempt 1 failed with EACCES
822 http fetch GET https://registry.npmjs.org/json5/-/json5-2.2.3.tgz attempt 1 failed with EACCES
823 http fetch GET https://registry.npmjs.org/jsesc/-/jsesc-3.1.0.tgz attempt 1 failed with EACCES
824 http fetch GET https://registry.npmjs.org/jiti/-/jiti-1.21.7.tgz attempt 1 failed with EACCES
825 http fetch GET https://registry.npmjs.org/npm attempt 2 failed with EACCES
826 http fetch GET https://registry.npmjs.org/which/-/which-2.0.2.tgz attempt 2 failed with EACCES
827 http fetch GET https://registry.npmjs.org/webpack-dev-server/-/webpack-dev-server-4.15.2.tgz attempt 2 failed with EACCES
828 http fetch GET https://registry.npmjs.org/uuid/-/uuid-8.3.2.tgz attempt 2 failed with EACCES
829 http fetch GET https://registry.npmjs.org/typescript/-/typescript-4.9.5.tgz attempt 2 failed with EACCES
830 http fetch GET https://registry.npmjs.org/rimraf/-/rimraf-3.0.2.tgz attempt 2 failed with EACCES
831 http fetch GET https://registry.npmjs.org/svgo/-/svgo-1.3.2.tgz attempt 2 failed with EACCES
832 http fetch GET https://registry.npmjs.org/multicast-dns/-/multicast-dns-7.2.5.tgz attempt 2 failed with EACCES
833 http fetch GET https://registry.npmjs.org/react-scripts/-/react-scripts-5.0.1.tgz attempt 2 failed with EACCES
834 http fetch GET https://registry.npmjs.org/mime/-/mime-1.6.0.tgz attempt 2 failed with EACCES
835 http fetch GET https://registry.npmjs.org/mkdirp/-/mkdirp-0.5.6.tgz attempt 2 failed with EACCES
836 http fetch GET https://registry.npmjs.org/lz-string/-/lz-string-1.5.0.tgz attempt 2 failed with EACCES
837 http fetch GET https://registry.npmjs.org/loose-envify/-/loose-envify-1.4.0.tgz attempt 2 failed with EACCES
838 http fetch GET https://registry.npmjs.org/json5/-/json5-2.2.3.tgz attempt 2 failed with EACCES
839 http fetch GET https://registry.npmjs.org/jsesc/-/jsesc-3.1.0.tgz attempt 2 failed with EACCES
840 http fetch GET https://registry.npmjs.org/jiti/-/jiti-1.21.7.tgz attempt 2 failed with EACCES
841 http fetch GET https://registry.npmjs.org/npm attempt 3 failed with EACCES
